Folder "./scully" doesn't seem to contain custom plugins Deprication Notice:
       ======================================================================
         From now on, the plugin that is being used to render a route is
         able to be changed by the user. You can do this by adding or
         enabling the plugin in the scully.json file. For your convenience,
         we loaded the Puppeteer plugin for you.

         To disable this warning enable the plugin of your choice.
         for Puppteer please add:
             import '@scullyio/scully-plugin-puppeteer';
          to your scully.alpha-konstruksi-nusantara-web.config.ts file.

          When you get this warning while not using scully-plugin-puppeteer
          you need to set the defaultRouteRenderer to the name of your plugin.
          The defaultRouteRenderer is now set to 'routeRenderer'.
       ======================================================================

(You can skip this, or any future question by using the --noPrompt flag)
----------------------------------   To discover new routes in the angular app use "npm run scully -- --scanRoutes"Using stored unhandled routes!.----------------------------------



handleUnknownRoute: "/en/runtime.4a2a35437efa0b52.js", 404:""handleUnknownRoute: "/en/polyfills.440c58f4d28be425.js", 404:""handleUnknownRoute: "/en/main.85a31be18614bcf4.js", 404:""handleUnknownRoute: "/en/scripts.5082b8320b33a294.js", 404:""
handleUnknownRoute: "/en/styles.30c122df8e49c4b2.css", 404:""handleUnknownRoute: "/en/runtime.4a2a35437efa0b52.js", 404:""handleUnknownRoute: "/en/polyfills.440c58f4d28be425.js", 404:""

handleUnknownRoute: "/en/scripts.5082b8320b33a294.js", 404:""handleUnknownRoute: "/en/main.85a31be18614bcf4.js", 404:""
handleUnknownRoute: "/en/styles.30c122df8e49c4b2.css", 404:""handleUnknownRoute: "/en/runtime.4a2a35437efa0b52.js", 404:""handleUnknownRoute: "/en/polyfills.440c58f4d28be425.js", 404:""


handleUnknownRoute: "/en/main.85a31be18614bcf4.js", 404:""handleUnknownRoute: "/en/scripts.5082b8320b33a294.js", 404:""

handleUnknownRoute: "/en/styles.30c122df8e49c4b2.css", 404:""handleUnknownRoute: "/en/runtime.4a2a35437efa0b52.js", 404:""


handleUnknownRoute: "/en/polyfills.440c58f4d28be425.js", 404:""handleUnknownRoute: "/en/main.85a31be18614bcf4.js", 404:""
handleUnknownRoute: "/en/scripts.5082b8320b33a294.js", 404:""handleUnknownRoute: "/en/styles.30c122df8e49c4b2.css", 404:""handleUnknownRoute: "/en/runtime.4a2a35437efa0b52.js", 404:""


handleUnknownRoute: "/en/polyfills.440c58f4d28be425.js", 404:""handleUnknownRoute: "/en/main.85a31be18614bcf4.js", 404:""

handleUnknownRoute: "/en/scripts.5082b8320b33a294.js", 404:""handleUnknownRoute: "/en/styles.30c122df8e49c4b2.css", 404:""


handleUnknownRoute: "/en/runtime.4a2a35437efa0b52.js", 404:""handleUnknownRoute: "/en/polyfills.440c58f4d28be425.js", 404:""

handleUnknownRoute: "/en/main.85a31be18614bcf4.js", 404:""handleUnknownRoute: "/en/scripts.5082b8320b33a294.js", 404:""

handleUnknownRoute: "/en/styles.30c122df8e49c4b2.css", 404:""
handleUnknownRoute: "/en/runtime.4a2a35437efa0b52.js", 404:""handleUnknownRoute: "/en/polyfills.440c58f4d28be425.js", 404:""

handleUnknownRoute: "/en/main.85a31be18614bcf4.js", 404:""handleUnknownRoute: "/en/scripts.5082b8320b33a294.js", 404:""

handleUnknownRoute: "/en/styles.30c122df8e49c4b2.css", 404:""handleUnknownRoute: "/en/runtime.4a2a35437efa0b52.js", 404:""

handleUnknownRoute: "/en/polyfills.440c58f4d28be425.js", 404:""
handleUnknownRoute: "/en/main.85a31be18614bcf4.js", 404:""handleUnknownRoute: "/en/scripts.5082b8320b33a294.js", 404:""

handleUnknownRoute: "/en/styles.30c122df8e49c4b2.css", 404:""handleUnknownRoute: "/en/runtime.4a2a35437efa0b52.js", 404:""

handleUnknownRoute: "/en/polyfills.440c58f4d28be425.js", 404:""handleUnknownRoute: "/en/main.85a31be18614bcf4.js", 404:""

handleUnknownRoute: "/en/scripts.5082b8320b33a294.js", 404:""handleUnknownRoute: "/en/styles.30c122df8e49c4b2.css", 404:""

handleUnknownRoute: "/en/runtime.4a2a35437efa0b52.js", 404:""handleUnknownRoute: "/en/polyfills.440c58f4d28be425.js", 404:""

handleUnknownRoute: "/en/scripts.5082b8320b33a294.js", 404:""handleUnknownRoute: "/en/main.85a31be18614bcf4.js", 404:""

handleUnknownRoute: "/en/styles.30c122df8e49c4b2.css", 404:""handleUnknownRoute: "/en/polyfills.440c58f4d28be425.js", 404:""handleUnknownRoute: "/en/runtime.4a2a35437efa0b52.js", 404:""

handleUnknownRoute: "/en/main.85a31be18614bcf4.js", 404:""handleUnknownRoute: "/en/scripts.5082b8320b33a294.js", 404:""

handleUnknownRoute: "/en/runtime.4a2a35437efa0b52.js", 404:""handleUnknownRoute: "/en/styles.30c122df8e49c4b2.css", 404:""


handleUnknownRoute: "/en/polyfills.440c58f4d28be425.js", 404:""handleUnknownRoute: "/en/main.85a31be18614bcf4.js", 404:""

handleUnknownRoute: "/en/scripts.5082b8320b33a294.js", 404:""handleUnknownRoute: "/en/styles.30c122df8e49c4b2.css", 404:""
handleUnknownRoute: "/en/runtime.4a2a35437efa0b52.js", 404:""
handleUnknownRoute: "/en/polyfills.440c58f4d28be425.js", 404:""

handleUnknownRoute: "/en/main.85a31be18614bcf4.js", 404:""
handleUnknownRoute: "/en/scripts.5082b8320b33a294.js", 404:""handleUnknownRoute: "/en/styles.30c122df8e49c4b2.css", 404:""





Folder "./scully" doesn't seem to contain custom plugins Deprication Notice:
       ======================================================================
         From now on, the plugin that is being used to render a route is
         able to be changed by the user. You can do this by adding or
         enabling the plugin in the scully.json file. For your convenience,
         we loaded the Puppeteer plugin for you.

         To disable this warning enable the plugin of your choice.
         for Puppteer please add:
             import '@scullyio/scully-plugin-puppeteer';
          to your scully.alpha-konstruksi-nusantara-web.config.ts file.

          When you get this warning while not using scully-plugin-puppeteer
          you need to set the defaultRouteRenderer to the name of your plugin.
          The defaultRouteRenderer is now set to 'routeRenderer'.
       ======================================================================

----------------------------------Using stored unhandled routes!.   To discover new routes in the angular app use "npm run scully -- --scanRoutes"----------------------------------



handleUnknownRoute: "/en/runtime.4a2a35437efa0b52.js", 404:""handleUnknownRoute: "/en/polyfills.440c58f4d28be425.js", 404:""handleUnknownRoute: "/en/main.85a31be18614bcf4.js", 404:""
handleUnknownRoute: "/en/scripts.5082b8320b33a294.js", 404:""handleUnknownRoute: "/en/runtime.4a2a35437efa0b52.js", 404:""handleUnknownRoute: "/en/styles.30c122df8e49c4b2.css", 404:""

handleUnknownRoute: "/en/polyfills.440c58f4d28be425.js", 404:""

handleUnknownRoute: "/en/main.85a31be18614bcf4.js", 404:""
handleUnknownRoute: "/en/scripts.5082b8320b33a294.js", 404:""handleUnknownRoute: "/en/runtime.4a2a35437efa0b52.js", 404:""handleUnknownRoute: "/en/polyfills.440c58f4d28be425.js", 404:""handleUnknownRoute: "/en/styles.30c122df8e49c4b2.css", 404:""
handleUnknownRoute: "/en/main.85a31be18614bcf4.js", 404:""handleUnknownRoute: "/en/scripts.5082b8320b33a294.js", 404:""

handleUnknownRoute: "/en/runtime.4a2a35437efa0b52.js", 404:""handleUnknownRoute: "/en/styles.30c122df8e49c4b2.css", 404:""


handleUnknownRoute: "/en/polyfills.440c58f4d28be425.js", 404:""handleUnknownRoute: "/en/main.85a31be18614bcf4.js", 404:""

handleUnknownRoute: "/en/runtime.4a2a35437efa0b52.js", 404:""handleUnknownRoute: "/en/scripts.5082b8320b33a294.js", 404:""handleUnknownRoute: "/en/styles.30c122df8e49c4b2.css", 404:""

handleUnknownRoute: "/en/polyfills.440c58f4d28be425.js", 404:""

handleUnknownRoute: "/en/main.85a31be18614bcf4.js", 404:""handleUnknownRoute: "/en/scripts.5082b8320b33a294.js", 404:""handleUnknownRoute: "/en/runtime.4a2a35437efa0b52.js", 404:""


handleUnknownRoute: "/en/styles.30c122df8e49c4b2.css", 404:""handleUnknownRoute: "/en/polyfills.440c58f4d28be425.js", 404:""handleUnknownRoute: "/en/main.85a31be18614bcf4.js", 404:""handleUnknownRoute: "/en/scripts.5082b8320b33a294.js", 404:""



handleUnknownRoute: "/en/runtime.4a2a35437efa0b52.js", 404:""
handleUnknownRoute: "/en/styles.30c122df8e49c4b2.css", 404:""handleUnknownRoute: "/en/polyfills.440c58f4d28be425.js", 404:""

handleUnknownRoute: "/en/scripts.5082b8320b33a294.js", 404:""handleUnknownRoute: "/en/main.85a31be18614bcf4.js", 404:""handleUnknownRoute: "/en/runtime.4a2a35437efa0b52.js", 404:""

handleUnknownRoute: "/en/styles.30c122df8e49c4b2.css", 404:""

handleUnknownRoute: "/en/polyfills.440c58f4d28be425.js", 404:""handleUnknownRoute: "/en/main.85a31be18614bcf4.js", 404:""

handleUnknownRoute: "/en/scripts.5082b8320b33a294.js", 404:""handleUnknownRoute: "/en/styles.30c122df8e49c4b2.css", 404:""handleUnknownRoute: "/en/runtime.4a2a35437efa0b52.js", 404:""

handleUnknownRoute: "/en/polyfills.440c58f4d28be425.js", 404:""

handleUnknownRoute: "/en/main.85a31be18614bcf4.js", 404:""handleUnknownRoute: "/en/runtime.4a2a35437efa0b52.js", 404:""handleUnknownRoute: "/en/scripts.5082b8320b33a294.js", 404:""


handleUnknownRoute: "/en/styles.30c122df8e49c4b2.css", 404:""handleUnknownRoute: "/en/polyfills.440c58f4d28be425.js", 404:""
handleUnknownRoute: "/en/main.85a31be18614bcf4.js", 404:""handleUnknownRoute: "/en/scripts.5082b8320b33a294.js", 404:""handleUnknownRoute: "/en/runtime.4a2a35437efa0b52.js", 404:""


handleUnknownRoute: "/en/styles.30c122df8e49c4b2.css", 404:""
handleUnknownRoute: "/en/polyfills.440c58f4d28be425.js", 404:""handleUnknownRoute: "/en/scripts.5082b8320b33a294.js", 404:""handleUnknownRoute: "/en/main.85a31be18614bcf4.js", 404:""



handleUnknownRoute: "/en/runtime.4a2a35437efa0b52.js", 404:""handleUnknownRoute: "/en/styles.30c122df8e49c4b2.css", 404:""handleUnknownRoute: "/en/polyfills.440c58f4d28be425.js", 404:""handleUnknownRoute: "/en/main.85a31be18614bcf4.js", 404:""



handleUnknownRoute: "/en/runtime.4a2a35437efa0b52.js", 404:""handleUnknownRoute: "/en/scripts.5082b8320b33a294.js", 404:""
handleUnknownRoute: "/en/styles.30c122df8e49c4b2.css", 404:""handleUnknownRoute: "/en/polyfills.440c58f4d28be425.js", 404:""

handleUnknownRoute: "/en/scripts.5082b8320b33a294.js", 404:""handleUnknownRoute: "/en/main.85a31be18614bcf4.js", 404:""


handleUnknownRoute: "/en/styles.30c122df8e49c4b2.css", 404:""




Folder "./scully" doesn't seem to contain custom plugins Deprication Notice:
       ======================================================================
         From now on, the plugin that is being used to render a route is
         able to be changed by the user. You can do this by adding or
         enabling the plugin in the scully.json file. For your convenience,
         we loaded the Puppeteer plugin for you.

         To disable this warning enable the plugin of your choice.
         for Puppteer please add:
             import '@scullyio/scully-plugin-puppeteer';
          to your scully.alpha-konstruksi-nusantara-web.config.ts file.

          When you get this warning while not using scully-plugin-puppeteer
          you need to set the defaultRouteRenderer to the name of your plugin.
          The defaultRouteRenderer is now set to 'routeRenderer'.
       ======================================================================

----------------------------------Using stored unhandled routes!.   To discover new routes in the angular app use "npm run scully -- --scanRoutes"----------------------------------



handleUnknownRoute: "/en/runtime.4a2a35437efa0b52.js", 404:""handleUnknownRoute: "/en/polyfills.440c58f4d28be425.js", 404:""handleUnknownRoute: "/en/main.85a31be18614bcf4.js", 404:""handleUnknownRoute: "/en/runtime.4a2a35437efa0b52.js", 404:""
handleUnknownRoute: "/en/scripts.5082b8320b33a294.js", 404:""handleUnknownRoute: "/en/polyfills.440c58f4d28be425.js", 404:""handleUnknownRoute: "/en/styles.30c122df8e49c4b2.css", 404:""
handleUnknownRoute: "/en/main.85a31be18614bcf4.js", 404:""

handleUnknownRoute: "/en/runtime.4a2a35437efa0b52.js", 404:""handleUnknownRoute: "/en/scripts.5082b8320b33a294.js", 404:""handleUnknownRoute: "/en/polyfills.440c58f4d28be425.js", 404:""


handleUnknownRoute: "/en/styles.30c122df8e49c4b2.css", 404:""handleUnknownRoute: "/en/runtime.4a2a35437efa0b52.js", 404:""handleUnknownRoute: "/en/main.85a31be18614bcf4.js", 404:""handleUnknownRoute: "/en/scripts.5082b8320b33a294.js", 404:""



handleUnknownRoute: "/en/polyfills.440c58f4d28be425.js", 404:""handleUnknownRoute: "/en/styles.30c122df8e49c4b2.css", 404:""handleUnknownRoute: "/en/main.85a31be18614bcf4.js", 404:""handleUnknownRoute: "/en/runtime.4a2a35437efa0b52.js", 404:""



handleUnknownRoute: "/en/scripts.5082b8320b33a294.js", 404:""handleUnknownRoute: "/en/polyfills.440c58f4d28be425.js", 404:""handleUnknownRoute: "/en/styles.30c122df8e49c4b2.css", 404:""handleUnknownRoute: "/en/main.85a31be18614bcf4.js", 404:""



handleUnknownRoute: "/en/runtime.4a2a35437efa0b52.js", 404:""handleUnknownRoute: "/en/scripts.5082b8320b33a294.js", 404:""
handleUnknownRoute: "/en/polyfills.440c58f4d28be425.js", 404:""handleUnknownRoute: "/en/styles.30c122df8e49c4b2.css", 404:""
handleUnknownRoute: "/en/main.85a31be18614bcf4.js", 404:""
handleUnknownRoute: "/en/runtime.4a2a35437efa0b52.js", 404:""


handleUnknownRoute: "/en/polyfills.440c58f4d28be425.js", 404:""handleUnknownRoute: "/en/scripts.5082b8320b33a294.js", 404:""
handleUnknownRoute: "/en/styles.30c122df8e49c4b2.css", 404:""handleUnknownRoute: "/en/main.85a31be18614bcf4.js", 404:""

handleUnknownRoute: "/en/runtime.4a2a35437efa0b52.js", 404:""handleUnknownRoute: "/en/scripts.5082b8320b33a294.js", 404:""


handleUnknownRoute: "/en/polyfills.440c58f4d28be425.js", 404:""
handleUnknownRoute: "/en/styles.30c122df8e49c4b2.css", 404:""handleUnknownRoute: "/en/main.85a31be18614bcf4.js", 404:""handleUnknownRoute: "/en/runtime.4a2a35437efa0b52.js", 404:""


handleUnknownRoute: "/en/scripts.5082b8320b33a294.js", 404:""handleUnknownRoute: "/en/polyfills.440c58f4d28be425.js", 404:""handleUnknownRoute: "/en/styles.30c122df8e49c4b2.css", 404:""handleUnknownRoute: "/en/main.85a31be18614bcf4.js", 404:""
handleUnknownRoute: "/en/runtime.4a2a35437efa0b52.js", 404:""



handleUnknownRoute: "/en/scripts.5082b8320b33a294.js", 404:""handleUnknownRoute: "/en/polyfills.440c58f4d28be425.js", 404:""handleUnknownRoute: "/en/styles.30c122df8e49c4b2.css", 404:""


handleUnknownRoute: "/en/main.85a31be18614bcf4.js", 404:""
handleUnknownRoute: "/en/runtime.4a2a35437efa0b52.js", 404:""handleUnknownRoute: "/en/scripts.5082b8320b33a294.js", 404:""
handleUnknownRoute: "/en/polyfills.440c58f4d28be425.js", 404:""

handleUnknownRoute: "/en/styles.30c122df8e49c4b2.css", 404:""handleUnknownRoute: "/en/main.85a31be18614bcf4.js", 404:""

handleUnknownRoute: "/en/runtime.4a2a35437efa0b52.js", 404:""

handleUnknownRoute: "/en/scripts.5082b8320b33a294.js", 404:""handleUnknownRoute: "/en/polyfills.440c58f4d28be425.js", 404:""handleUnknownRoute: "/en/styles.30c122df8e49c4b2.css", 404:""

handleUnknownRoute: "/en/main.85a31be18614bcf4.js", 404:""handleUnknownRoute: "/en/runtime.4a2a35437efa0b52.js", 404:""
handleUnknownRoute: "/en/scripts.5082b8320b33a294.js", 404:""handleUnknownRoute: "/en/polyfills.440c58f4d28be425.js", 404:""


handleUnknownRoute: "/en/styles.30c122df8e49c4b2.css", 404:""
handleUnknownRoute: "/en/main.85a31be18614bcf4.js", 404:""
handleUnknownRoute: "/en/scripts.5082b8320b33a294.js", 404:""

handleUnknownRoute: "/en/styles.30c122df8e49c4b2.css", 404:""



Folder "./scully" doesn't seem to contain custom plugins Deprication Notice:
       ======================================================================
         From now on, the plugin that is being used to render a route is
         able to be changed by the user. You can do this by adding or
         enabling the plugin in the scully.json file. For your convenience,
         we loaded the Puppeteer plugin for you.

         To disable this warning enable the plugin of your choice.
         for Puppteer please add:
             import '@scullyio/scully-plugin-puppeteer';
          to your scully.alpha-konstruksi-nusantara-web.config.ts file.

          When you get this warning while not using scully-plugin-puppeteer
          you need to set the defaultRouteRenderer to the name of your plugin.
          The defaultRouteRenderer is now set to 'routeRenderer'.
       ======================================================================

----------------------------------Using stored unhandled routes!.   To discover new routes in the angular app use "npm run scully -- --scanRoutes"----------------------------------



handleUnknownRoute: "/en/runtime.4a2a35437efa0b52.js", 404:""handleUnknownRoute: "/en/polyfills.440c58f4d28be425.js", 404:""handleUnknownRoute: "/en/scripts.5082b8320b33a294.js", 404:""handleUnknownRoute: "/en/main.85a31be18614bcf4.js", 404:""handleUnknownRoute: "/en/styles.30c122df8e49c4b2.css", 404:""handleUnknownRoute: "/en/runtime.4a2a35437efa0b52.js", 404:""
handleUnknownRoute: "/en/polyfills.440c58f4d28be425.js", 404:""handleUnknownRoute: "/en/main.85a31be18614bcf4.js", 404:""


handleUnknownRoute: "/en/scripts.5082b8320b33a294.js", 404:""handleUnknownRoute: "/en/styles.30c122df8e49c4b2.css", 404:""
handleUnknownRoute: "/en/runtime.4a2a35437efa0b52.js", 404:""handleUnknownRoute: "/en/polyfills.440c58f4d28be425.js", 404:""handleUnknownRoute: "/en/main.85a31be18614bcf4.js", 404:""


handleUnknownRoute: "/en/scripts.5082b8320b33a294.js", 404:""
handleUnknownRoute: "/en/styles.30c122df8e49c4b2.css", 404:""handleUnknownRoute: "/en/runtime.4a2a35437efa0b52.js", 404:""handleUnknownRoute: "/en/polyfills.440c58f4d28be425.js", 404:""



handleUnknownRoute: "/en/main.85a31be18614bcf4.js", 404:""handleUnknownRoute: "/en/scripts.5082b8320b33a294.js", 404:""handleUnknownRoute: "/en/styles.30c122df8e49c4b2.css", 404:""handleUnknownRoute: "/en/runtime.4a2a35437efa0b52.js", 404:""



handleUnknownRoute: "/en/polyfills.440c58f4d28be425.js", 404:""handleUnknownRoute: "/en/main.85a31be18614bcf4.js", 404:""handleUnknownRoute: "/en/scripts.5082b8320b33a294.js", 404:""


handleUnknownRoute: "/en/styles.30c122df8e49c4b2.css", 404:""handleUnknownRoute: "/en/polyfills.440c58f4d28be425.js", 404:""handleUnknownRoute: "/en/runtime.4a2a35437efa0b52.js", 404:""

handleUnknownRoute: "/en/main.85a31be18614bcf4.js", 404:""handleUnknownRoute: "/en/scripts.5082b8320b33a294.js", 404:""

handleUnknownRoute: "/en/styles.30c122df8e49c4b2.css", 404:""handleUnknownRoute: "/en/runtime.4a2a35437efa0b52.js", 404:""


handleUnknownRoute: "/en/polyfills.440c58f4d28be425.js", 404:""handleUnknownRoute: "/en/main.85a31be18614bcf4.js", 404:""

handleUnknownRoute: "/en/scripts.5082b8320b33a294.js", 404:""handleUnknownRoute: "/en/styles.30c122df8e49c4b2.css", 404:""

handleUnknownRoute: "/en/runtime.4a2a35437efa0b52.js", 404:""handleUnknownRoute: "/en/polyfills.440c58f4d28be425.js", 404:""handleUnknownRoute: "/en/main.85a31be18614bcf4.js", 404:""

handleUnknownRoute: "/en/scripts.5082b8320b33a294.js", 404:""handleUnknownRoute: "/en/styles.30c122df8e49c4b2.css", 404:""

handleUnknownRoute: "/en/runtime.4a2a35437efa0b52.js", 404:""handleUnknownRoute: "/en/polyfills.440c58f4d28be425.js", 404:""


handleUnknownRoute: "/en/main.85a31be18614bcf4.js", 404:""handleUnknownRoute: "/en/scripts.5082b8320b33a294.js", 404:""

handleUnknownRoute: "/en/styles.30c122df8e49c4b2.css", 404:""handleUnknownRoute: "/en/runtime.4a2a35437efa0b52.js", 404:""handleUnknownRoute: "/en/polyfills.440c58f4d28be425.js", 404:""

handleUnknownRoute: "/en/main.85a31be18614bcf4.js", 404:""

handleUnknownRoute: "/en/scripts.5082b8320b33a294.js", 404:""handleUnknownRoute: "/en/styles.30c122df8e49c4b2.css", 404:""

handleUnknownRoute: "/en/polyfills.440c58f4d28be425.js", 404:""handleUnknownRoute: "/en/runtime.4a2a35437efa0b52.js", 404:""

handleUnknownRoute: "/en/main.85a31be18614bcf4.js", 404:""handleUnknownRoute: "/en/scripts.5082b8320b33a294.js", 404:""

handleUnknownRoute: "/en/runtime.4a2a35437efa0b52.js", 404:""handleUnknownRoute: "/en/styles.30c122df8e49c4b2.css", 404:""

handleUnknownRoute: "/en/polyfills.440c58f4d28be425.js", 404:""handleUnknownRoute: "/en/main.85a31be18614bcf4.js", 404:""

handleUnknownRoute: "/en/scripts.5082b8320b33a294.js", 404:""handleUnknownRoute: "/en/styles.30c122df8e49c4b2.css", 404:""

handleUnknownRoute: "/en/runtime.4a2a35437efa0b52.js", 404:""handleUnknownRoute: "/en/polyfills.440c58f4d28be425.js", 404:""

handleUnknownRoute: "/en/main.85a31be18614bcf4.js", 404:""handleUnknownRoute: "/en/scripts.5082b8320b33a294.js", 404:""

handleUnknownRoute: "/en/styles.30c122df8e49c4b2.css", 404:""




Folder "./scully" doesn't seem to contain custom plugins Deprication Notice:
       ======================================================================
         From now on, the plugin that is being used to render a route is
         able to be changed by the user. You can do this by adding or
         enabling the plugin in the scully.json file. For your convenience,
         we loaded the Puppeteer plugin for you.

         To disable this warning enable the plugin of your choice.
         for Puppteer please add:
             import '@scullyio/scully-plugin-puppeteer';
          to your scully.alpha-konstruksi-nusantara-web.config.ts file.

          When you get this warning while not using scully-plugin-puppeteer
          you need to set the defaultRouteRenderer to the name of your plugin.
          The defaultRouteRenderer is now set to 'routeRenderer'.
       ======================================================================

----------------------------------   To discover new routes in the angular app use "npm run scully -- --scanRoutes"Using stored unhandled routes!.----------------------------------



handleUnknownRoute: "/en/runtime.4a2a35437efa0b52.js", 404:""handleUnknownRoute: "/en/polyfills.440c58f4d28be425.js", 404:""
handleUnknownRoute: "/en/main.85a31be18614bcf4.js", 404:""handleUnknownRoute: "/en/runtime.4a2a35437efa0b52.js", 404:""handleUnknownRoute: "/en/scripts.5082b8320b33a294.js", 404:""handleUnknownRoute: "/en/styles.30c122df8e49c4b2.css", 404:""
handleUnknownRoute: "/en/polyfills.440c58f4d28be425.js", 404:""
handleUnknownRoute: "/en/main.85a31be18614bcf4.js", 404:""handleUnknownRoute: "/en/runtime.4a2a35437efa0b52.js", 404:""handleUnknownRoute: "/en/scripts.5082b8320b33a294.js", 404:""handleUnknownRoute: "/en/styles.30c122df8e49c4b2.css", 404:""


handleUnknownRoute: "/en/polyfills.440c58f4d28be425.js", 404:""
handleUnknownRoute: "/en/main.85a31be18614bcf4.js", 404:""handleUnknownRoute: "/en/runtime.4a2a35437efa0b52.js", 404:""handleUnknownRoute: "/en/scripts.5082b8320b33a294.js", 404:""



handleUnknownRoute: "/en/styles.30c122df8e49c4b2.css", 404:""handleUnknownRoute: "/en/polyfills.440c58f4d28be425.js", 404:""handleUnknownRoute: "/en/main.85a31be18614bcf4.js", 404:""


handleUnknownRoute: "/en/scripts.5082b8320b33a294.js", 404:""handleUnknownRoute: "/en/runtime.4a2a35437efa0b52.js", 404:""

handleUnknownRoute: "/en/styles.30c122df8e49c4b2.css", 404:""handleUnknownRoute: "/en/polyfills.440c58f4d28be425.js", 404:""
handleUnknownRoute: "/en/main.85a31be18614bcf4.js", 404:""handleUnknownRoute: "/en/runtime.4a2a35437efa0b52.js", 404:""


handleUnknownRoute: "/en/scripts.5082b8320b33a294.js", 404:""handleUnknownRoute: "/en/styles.30c122df8e49c4b2.css", 404:""

handleUnknownRoute: "/en/polyfills.440c58f4d28be425.js", 404:""handleUnknownRoute: "/en/main.85a31be18614bcf4.js", 404:""

handleUnknownRoute: "/en/runtime.4a2a35437efa0b52.js", 404:""handleUnknownRoute: "/en/scripts.5082b8320b33a294.js", 404:""handleUnknownRoute: "/en/styles.30c122df8e49c4b2.css", 404:""

handleUnknownRoute: "/en/polyfills.440c58f4d28be425.js", 404:""handleUnknownRoute: "/en/main.85a31be18614bcf4.js", 404:""

handleUnknownRoute: "/en/runtime.4a2a35437efa0b52.js", 404:""handleUnknownRoute: "/en/scripts.5082b8320b33a294.js", 404:""handleUnknownRoute: "/en/styles.30c122df8e49c4b2.css", 404:""


handleUnknownRoute: "/en/polyfills.440c58f4d28be425.js", 404:""handleUnknownRoute: "/en/main.85a31be18614bcf4.js", 404:""

handleUnknownRoute: "/en/runtime.4a2a35437efa0b52.js", 404:""handleUnknownRoute: "/en/scripts.5082b8320b33a294.js", 404:""handleUnknownRoute: "/en/styles.30c122df8e49c4b2.css", 404:""


handleUnknownRoute: "/en/polyfills.440c58f4d28be425.js", 404:""handleUnknownRoute: "/en/main.85a31be18614bcf4.js", 404:""

handleUnknownRoute: "/en/runtime.4a2a35437efa0b52.js", 404:""handleUnknownRoute: "/en/scripts.5082b8320b33a294.js", 404:""

handleUnknownRoute: "/en/styles.30c122df8e49c4b2.css", 404:""handleUnknownRoute: "/en/polyfills.440c58f4d28be425.js", 404:""


handleUnknownRoute: "/en/main.85a31be18614bcf4.js", 404:""handleUnknownRoute: "/en/scripts.5082b8320b33a294.js", 404:""handleUnknownRoute: "/en/runtime.4a2a35437efa0b52.js", 404:""

handleUnknownRoute: "/en/styles.30c122df8e49c4b2.css", 404:""

handleUnknownRoute: "/en/polyfills.440c58f4d28be425.js", 404:""


handleUnknownRoute: "/en/main.85a31be18614bcf4.js", 404:""
handleUnknownRoute: "/en/runtime.4a2a35437efa0b52.js", 404:""handleUnknownRoute: "/en/scripts.5082b8320b33a294.js", 404:""
handleUnknownRoute: "/en/styles.30c122df8e49c4b2.css", 404:""
handleUnknownRoute: "/en/polyfills.440c58f4d28be425.js", 404:""handleUnknownRoute: "/en/main.85a31be18614bcf4.js", 404:""

handleUnknownRoute: "/en/runtime.4a2a35437efa0b52.js", 404:""handleUnknownRoute: "/en/scripts.5082b8320b33a294.js", 404:""
handleUnknownRoute: "/en/styles.30c122df8e49c4b2.css", 404:""handleUnknownRoute: "/en/polyfills.440c58f4d28be425.js", 404:""
handleUnknownRoute: "/en/main.85a31be18614bcf4.js", 404:""


handleUnknownRoute: "/en/scripts.5082b8320b33a294.js", 404:""
handleUnknownRoute: "/en/styles.30c122df8e49c4b2.css", 404:""



Folder "./scully" doesn't seem to contain custom plugins Deprication Notice:
       ======================================================================
         From now on, the plugin that is being used to render a route is
         able to be changed by the user. You can do this by adding or
         enabling the plugin in the scully.json file. For your convenience,
         we loaded the Puppeteer plugin for you.

         To disable this warning enable the plugin of your choice.
         for Puppteer please add:
             import '@scullyio/scully-plugin-puppeteer';
          to your scully.alpha-konstruksi-nusantara-web.config.ts file.

          When you get this warning while not using scully-plugin-puppeteer
          you need to set the defaultRouteRenderer to the name of your plugin.
          The defaultRouteRenderer is now set to 'routeRenderer'.
       ======================================================================

----------------------------------Using stored unhandled routes!.   To discover new routes in the angular app use "npm run scully -- --scanRoutes"----------------------------------



handleUnknownRoute: "/en/runtime.4a2a35437efa0b52.js", 404:""handleUnknownRoute: "/en/polyfills.440c58f4d28be425.js", 404:""handleUnknownRoute: "/en/main.85a31be18614bcf4.js", 404:""handleUnknownRoute: "/en/scripts.5082b8320b33a294.js", 404:""handleUnknownRoute: "/en/styles.30c122df8e49c4b2.css", 404:""
handleUnknownRoute: "/en/runtime.4a2a35437efa0b52.js", 404:""handleUnknownRoute: "/en/polyfills.440c58f4d28be425.js", 404:""


handleUnknownRoute: "/en/main.85a31be18614bcf4.js", 404:""handleUnknownRoute: "/en/scripts.5082b8320b33a294.js", 404:""handleUnknownRoute: "/en/styles.30c122df8e49c4b2.css", 404:""
handleUnknownRoute: "/en/runtime.4a2a35437efa0b52.js", 404:""

handleUnknownRoute: "/en/polyfills.440c58f4d28be425.js", 404:""handleUnknownRoute: "/en/main.85a31be18614bcf4.js", 404:""
handleUnknownRoute: "/en/scripts.5082b8320b33a294.js", 404:""
handleUnknownRoute: "/en/styles.30c122df8e49c4b2.css", 404:""
handleUnknownRoute: "/en/runtime.4a2a35437efa0b52.js", 404:""

handleUnknownRoute: "/en/polyfills.440c58f4d28be425.js", 404:""handleUnknownRoute: "/en/main.85a31be18614bcf4.js", 404:""

handleUnknownRoute: "/en/scripts.5082b8320b33a294.js", 404:""handleUnknownRoute: "/en/styles.30c122df8e49c4b2.css", 404:""handleUnknownRoute: "/en/runtime.4a2a35437efa0b52.js", 404:""

handleUnknownRoute: "/en/polyfills.440c58f4d28be425.js", 404:""

handleUnknownRoute: "/en/main.85a31be18614bcf4.js", 404:""handleUnknownRoute: "/en/scripts.5082b8320b33a294.js", 404:""handleUnknownRoute: "/en/styles.30c122df8e49c4b2.css", 404:""


handleUnknownRoute: "/en/runtime.4a2a35437efa0b52.js", 404:""handleUnknownRoute: "/en/polyfills.440c58f4d28be425.js", 404:""
handleUnknownRoute: "/en/main.85a31be18614bcf4.js", 404:""handleUnknownRoute: "/en/scripts.5082b8320b33a294.js", 404:""

handleUnknownRoute: "/en/styles.30c122df8e49c4b2.css", 404:""handleUnknownRoute: "/en/runtime.4a2a35437efa0b52.js", 404:""


handleUnknownRoute: "/en/polyfills.440c58f4d28be425.js", 404:""handleUnknownRoute: "/en/main.85a31be18614bcf4.js", 404:""
handleUnknownRoute: "/en/scripts.5082b8320b33a294.js", 404:""handleUnknownRoute: "/en/styles.30c122df8e49c4b2.css", 404:""


handleUnknownRoute: "/en/runtime.4a2a35437efa0b52.js", 404:""
handleUnknownRoute: "/en/polyfills.440c58f4d28be425.js", 404:""handleUnknownRoute: "/en/scripts.5082b8320b33a294.js", 404:""handleUnknownRoute: "/en/main.85a31be18614bcf4.js", 404:""


handleUnknownRoute: "/en/styles.30c122df8e49c4b2.css", 404:""handleUnknownRoute: "/en/runtime.4a2a35437efa0b52.js", 404:""
handleUnknownRoute: "/en/polyfills.440c58f4d28be425.js", 404:""handleUnknownRoute: "/en/main.85a31be18614bcf4.js", 404:""


handleUnknownRoute: "/en/scripts.5082b8320b33a294.js", 404:""handleUnknownRoute: "/en/styles.30c122df8e49c4b2.css", 404:""

handleUnknownRoute: "/en/polyfills.440c58f4d28be425.js", 404:""handleUnknownRoute: "/en/main.85a31be18614bcf4.js", 404:""handleUnknownRoute: "/en/runtime.4a2a35437efa0b52.js", 404:""

handleUnknownRoute: "/en/scripts.5082b8320b33a294.js", 404:""handleUnknownRoute: "/en/styles.30c122df8e49c4b2.css", 404:""

handleUnknownRoute: "/en/runtime.4a2a35437efa0b52.js", 404:""handleUnknownRoute: "/en/polyfills.440c58f4d28be425.js", 404:""handleUnknownRoute: "/en/main.85a31be18614bcf4.js", 404:""


handleUnknownRoute: "/en/scripts.5082b8320b33a294.js", 404:""

handleUnknownRoute: "/en/styles.30c122df8e49c4b2.css", 404:""handleUnknownRoute: "/en/runtime.4a2a35437efa0b52.js", 404:""

handleUnknownRoute: "/en/polyfills.440c58f4d28be425.js", 404:""handleUnknownRoute: "/en/main.85a31be18614bcf4.js", 404:""

handleUnknownRoute: "/en/scripts.5082b8320b33a294.js", 404:""handleUnknownRoute: "/en/styles.30c122df8e49c4b2.css", 404:""handleUnknownRoute: "/en/runtime.4a2a35437efa0b52.js", 404:""



handleUnknownRoute: "/en/polyfills.440c58f4d28be425.js", 404:""handleUnknownRoute: "/en/main.85a31be18614bcf4.js", 404:""

handleUnknownRoute: "/en/scripts.5082b8320b33a294.js", 404:""
handleUnknownRoute: "/en/styles.30c122df8e49c4b2.css", 404:""



Folder "./scully" doesn't seem to contain custom plugins Deprication Notice:
       ======================================================================
         From now on, the plugin that is being used to render a route is
         able to be changed by the user. You can do this by adding or
         enabling the plugin in the scully.json file. For your convenience,
         we loaded the Puppeteer plugin for you.

         To disable this warning enable the plugin of your choice.
         for Puppteer please add:
             import '@scullyio/scully-plugin-puppeteer';
          to your scully.alpha-konstruksi-nusantara-web.config.ts file.

          When you get this warning while not using scully-plugin-puppeteer
          you need to set the defaultRouteRenderer to the name of your plugin.
          The defaultRouteRenderer is now set to 'routeRenderer'.
       ======================================================================

----------------------------------Using stored unhandled routes!.----------------------------------   To discover new routes in the angular app use "npm run scully -- --scanRoutes"



handleUnknownRoute: "/en/runtime.4a2a35437efa0b52.js", 404:""handleUnknownRoute: "/en/main.85a31be18614bcf4.js", 404:""handleUnknownRoute: "/en/scripts.5082b8320b33a294.js", 404:""handleUnknownRoute: "/en/polyfills.440c58f4d28be425.js", 404:""handleUnknownRoute: "/en/styles.30c122df8e49c4b2.css", 404:""
handleUnknownRoute: "/en/runtime.4a2a35437efa0b52.js", 404:""


handleUnknownRoute: "/en/polyfills.440c58f4d28be425.js", 404:""handleUnknownRoute: "/en/main.85a31be18614bcf4.js", 404:""handleUnknownRoute: "/en/scripts.5082b8320b33a294.js", 404:""handleUnknownRoute: "/en/styles.30c122df8e49c4b2.css", 404:""
handleUnknownRoute: "/en/runtime.4a2a35437efa0b52.js", 404:""
handleUnknownRoute: "/en/polyfills.440c58f4d28be425.js", 404:""handleUnknownRoute: "/en/main.85a31be18614bcf4.js", 404:""handleUnknownRoute: "/en/scripts.5082b8320b33a294.js", 404:""



handleUnknownRoute: "/en/styles.30c122df8e49c4b2.css", 404:""handleUnknownRoute: "/en/runtime.4a2a35437efa0b52.js", 404:""
handleUnknownRoute: "/en/polyfills.440c58f4d28be425.js", 404:""handleUnknownRoute: "/en/scripts.5082b8320b33a294.js", 404:""handleUnknownRoute: "/en/main.85a31be18614bcf4.js", 404:""


handleUnknownRoute: "/en/styles.30c122df8e49c4b2.css", 404:""handleUnknownRoute: "/en/runtime.4a2a35437efa0b52.js", 404:""

handleUnknownRoute: "/en/polyfills.440c58f4d28be425.js", 404:""handleUnknownRoute: "/en/main.85a31be18614bcf4.js", 404:""


handleUnknownRoute: "/en/scripts.5082b8320b33a294.js", 404:""handleUnknownRoute: "/en/styles.30c122df8e49c4b2.css", 404:""

handleUnknownRoute: "/en/runtime.4a2a35437efa0b52.js", 404:""handleUnknownRoute: "/en/polyfills.440c58f4d28be425.js", 404:""
handleUnknownRoute: "/en/scripts.5082b8320b33a294.js", 404:""handleUnknownRoute: "/en/main.85a31be18614bcf4.js", 404:""handleUnknownRoute: "/en/styles.30c122df8e49c4b2.css", 404:""



handleUnknownRoute: "/en/runtime.4a2a35437efa0b52.js", 404:""handleUnknownRoute: "/en/polyfills.440c58f4d28be425.js", 404:""handleUnknownRoute: "/en/main.85a31be18614bcf4.js", 404:""


handleUnknownRoute: "/en/scripts.5082b8320b33a294.js", 404:""handleUnknownRoute: "/en/styles.30c122df8e49c4b2.css", 404:""
handleUnknownRoute: "/en/runtime.4a2a35437efa0b52.js", 404:""handleUnknownRoute: "/en/polyfills.440c58f4d28be425.js", 404:""

handleUnknownRoute: "/en/main.85a31be18614bcf4.js", 404:""handleUnknownRoute: "/en/scripts.5082b8320b33a294.js", 404:""


handleUnknownRoute: "/en/runtime.4a2a35437efa0b52.js", 404:""handleUnknownRoute: "/en/styles.30c122df8e49c4b2.css", 404:""

handleUnknownRoute: "/en/scripts.5082b8320b33a294.js", 404:""handleUnknownRoute: "/en/polyfills.440c58f4d28be425.js", 404:""handleUnknownRoute: "/en/main.85a31be18614bcf4.js", 404:""

handleUnknownRoute: "/en/styles.30c122df8e49c4b2.css", 404:""handleUnknownRoute: "/en/runtime.4a2a35437efa0b52.js", 404:""

handleUnknownRoute: "/en/polyfills.440c58f4d28be425.js", 404:""handleUnknownRoute: "/en/main.85a31be18614bcf4.js", 404:""


handleUnknownRoute: "/en/scripts.5082b8320b33a294.js", 404:""handleUnknownRoute: "/en/styles.30c122df8e49c4b2.css", 404:""
handleUnknownRoute: "/en/runtime.4a2a35437efa0b52.js", 404:""handleUnknownRoute: "/en/polyfills.440c58f4d28be425.js", 404:""handleUnknownRoute: "/en/main.85a31be18614bcf4.js", 404:""


handleUnknownRoute: "/en/scripts.5082b8320b33a294.js", 404:""handleUnknownRoute: "/en/styles.30c122df8e49c4b2.css", 404:""

handleUnknownRoute: "/en/runtime.4a2a35437efa0b52.js", 404:""handleUnknownRoute: "/en/polyfills.440c58f4d28be425.js", 404:""


handleUnknownRoute: "/en/main.85a31be18614bcf4.js", 404:""
handleUnknownRoute: "/en/scripts.5082b8320b33a294.js", 404:""handleUnknownRoute: "/en/styles.30c122df8e49c4b2.css", 404:""


handleUnknownRoute: "/en/runtime.4a2a35437efa0b52.js", 404:""
handleUnknownRoute: "/en/polyfills.440c58f4d28be425.js", 404:""

handleUnknownRoute: "/en/main.85a31be18614bcf4.js", 404:""
handleUnknownRoute: "/en/scripts.5082b8320b33a294.js", 404:""handleUnknownRoute: "/en/styles.30c122df8e49c4b2.css", 404:""



Folder "./scully" doesn't seem to contain custom plugins Deprication Notice:
       ======================================================================
         From now on, the plugin that is being used to render a route is
         able to be changed by the user. You can do this by adding or
         enabling the plugin in the scully.json file. For your convenience,
         we loaded the Puppeteer plugin for you.

         To disable this warning enable the plugin of your choice.
         for Puppteer please add:
             import '@scullyio/scully-plugin-puppeteer';
          to your scully.alpha-konstruksi-nusantara-web.config.ts file.

          When you get this warning while not using scully-plugin-puppeteer
          you need to set the defaultRouteRenderer to the name of your plugin.
          The defaultRouteRenderer is now set to 'routeRenderer'.
       ======================================================================

----------------------------------Using stored unhandled routes!.   To discover new routes in the angular app use "npm run scully -- --scanRoutes"----------------------------------



handleUnknownRoute: "/en/runtime.4a2a35437efa0b52.js", 404:""handleUnknownRoute: "/en/polyfills.440c58f4d28be425.js", 404:""handleUnknownRoute: "/en/main.85a31be18614bcf4.js", 404:""handleUnknownRoute: "/en/scripts.5082b8320b33a294.js", 404:""


handleUnknownRoute: "/en/runtime.4a2a35437efa0b52.js", 404:""
handleUnknownRoute: "/en/polyfills.440c58f4d28be425.js", 404:""handleUnknownRoute: "/en/styles.30c122df8e49c4b2.css", 404:""
handleUnknownRoute: "/en/scripts.5082b8320b33a294.js", 404:""handleUnknownRoute: "/en/main.85a31be18614bcf4.js", 404:""handleUnknownRoute: "/en/polyfills.440c58f4d28be425.js", 404:""handleUnknownRoute: "/en/styles.30c122df8e49c4b2.css", 404:""handleUnknownRoute: "/en/runtime.4a2a35437efa0b52.js", 404:""

handleUnknownRoute: "/en/main.85a31be18614bcf4.js", 404:""handleUnknownRoute: "/en/scripts.5082b8320b33a294.js", 404:""

handleUnknownRoute: "/en/runtime.4a2a35437efa0b52.js", 404:""handleUnknownRoute: "/en/polyfills.440c58f4d28be425.js", 404:""handleUnknownRoute: "/en/styles.30c122df8e49c4b2.css", 404:""


handleUnknownRoute: "/en/main.85a31be18614bcf4.js", 404:""
handleUnknownRoute: "/en/scripts.5082b8320b33a294.js", 404:""handleUnknownRoute: "/en/runtime.4a2a35437efa0b52.js", 404:""handleUnknownRoute: "/en/polyfills.440c58f4d28be425.js", 404:""



handleUnknownRoute: "/en/styles.30c122df8e49c4b2.css", 404:""handleUnknownRoute: "/en/main.85a31be18614bcf4.js", 404:""handleUnknownRoute: "/en/scripts.5082b8320b33a294.js", 404:""

handleUnknownRoute: "/en/runtime.4a2a35437efa0b52.js", 404:""
handleUnknownRoute: "/en/polyfills.440c58f4d28be425.js", 404:""
handleUnknownRoute: "/en/styles.30c122df8e49c4b2.css", 404:""handleUnknownRoute: "/en/main.85a31be18614bcf4.js", 404:""


handleUnknownRoute: "/en/runtime.4a2a35437efa0b52.js", 404:""handleUnknownRoute: "/en/scripts.5082b8320b33a294.js", 404:""

handleUnknownRoute: "/en/styles.30c122df8e49c4b2.css", 404:""handleUnknownRoute: "/en/polyfills.440c58f4d28be425.js", 404:""

handleUnknownRoute: "/en/main.85a31be18614bcf4.js", 404:""handleUnknownRoute: "/en/scripts.5082b8320b33a294.js", 404:""

handleUnknownRoute: "/en/runtime.4a2a35437efa0b52.js", 404:""handleUnknownRoute: "/en/polyfills.440c58f4d28be425.js", 404:""handleUnknownRoute: "/en/styles.30c122df8e49c4b2.css", 404:""

handleUnknownRoute: "/en/main.85a31be18614bcf4.js", 404:""handleUnknownRoute: "/en/scripts.5082b8320b33a294.js", 404:""

handleUnknownRoute: "/en/runtime.4a2a35437efa0b52.js", 404:""handleUnknownRoute: "/en/styles.30c122df8e49c4b2.css", 404:""handleUnknownRoute: "/en/polyfills.440c58f4d28be425.js", 404:""


handleUnknownRoute: "/en/main.85a31be18614bcf4.js", 404:""handleUnknownRoute: "/en/scripts.5082b8320b33a294.js", 404:""

handleUnknownRoute: "/en/runtime.4a2a35437efa0b52.js", 404:""handleUnknownRoute: "/en/polyfills.440c58f4d28be425.js", 404:""

handleUnknownRoute: "/en/styles.30c122df8e49c4b2.css", 404:""

handleUnknownRoute: "/en/main.85a31be18614bcf4.js", 404:""handleUnknownRoute: "/en/scripts.5082b8320b33a294.js", 404:""

handleUnknownRoute: "/en/runtime.4a2a35437efa0b52.js", 404:""handleUnknownRoute: "/en/polyfills.440c58f4d28be425.js", 404:""

handleUnknownRoute: "/en/main.85a31be18614bcf4.js", 404:""handleUnknownRoute: "/en/styles.30c122df8e49c4b2.css", 404:""handleUnknownRoute: "/en/scripts.5082b8320b33a294.js", 404:""

handleUnknownRoute: "/en/runtime.4a2a35437efa0b52.js", 404:""handleUnknownRoute: "/en/polyfills.440c58f4d28be425.js", 404:""

handleUnknownRoute: "/en/styles.30c122df8e49c4b2.css", 404:""handleUnknownRoute: "/en/main.85a31be18614bcf4.js", 404:""


handleUnknownRoute: "/en/scripts.5082b8320b33a294.js", 404:""handleUnknownRoute: "/en/runtime.4a2a35437efa0b52.js", 404:""

handleUnknownRoute: "/en/styles.30c122df8e49c4b2.css", 404:""handleUnknownRoute: "/en/polyfills.440c58f4d28be425.js", 404:""

handleUnknownRoute: "/en/main.85a31be18614bcf4.js", 404:""handleUnknownRoute: "/en/scripts.5082b8320b33a294.js", 404:""



handleUnknownRoute: "/en/styles.30c122df8e49c4b2.css", 404:""


Folder "./scully" doesn't seem to contain custom plugins Deprication Notice:
       ======================================================================
         From now on, the plugin that is being used to render a route is
         able to be changed by the user. You can do this by adding or
         enabling the plugin in the scully.json file. For your convenience,
         we loaded the Puppeteer plugin for you.

         To disable this warning enable the plugin of your choice.
         for Puppteer please add:
             import '@scullyio/scully-plugin-puppeteer';
          to your scully.alpha-konstruksi-nusantara-web.config.ts file.

          When you get this warning while not using scully-plugin-puppeteer
          you need to set the defaultRouteRenderer to the name of your plugin.
          The defaultRouteRenderer is now set to 'routeRenderer'.
       ======================================================================

----------------------------------Using stored unhandled routes!.----------------------------------   To discover new routes in the angular app use "npm run scully -- --scanRoutes"



handleUnknownRoute: "/en/runtime.4a2a35437efa0b52.js", 404:""handleUnknownRoute: "/en/main.85a31be18614bcf4.js", 404:""handleUnknownRoute: "/en/polyfills.440c58f4d28be425.js", 404:""handleUnknownRoute: "/en/scripts.5082b8320b33a294.js", 404:""handleUnknownRoute: "/en/styles.30c122df8e49c4b2.css", 404:""
handleUnknownRoute: "/en/runtime.4a2a35437efa0b52.js", 404:""handleUnknownRoute: "/en/polyfills.440c58f4d28be425.js", 404:""

handleUnknownRoute: "/en/main.85a31be18614bcf4.js", 404:""

handleUnknownRoute: "/en/scripts.5082b8320b33a294.js", 404:""handleUnknownRoute: "/en/styles.30c122df8e49c4b2.css", 404:""handleUnknownRoute: "/en/runtime.4a2a35437efa0b52.js", 404:""handleUnknownRoute: "/en/polyfills.440c58f4d28be425.js", 404:""

handleUnknownRoute: "/en/main.85a31be18614bcf4.js", 404:""
handleUnknownRoute: "/en/scripts.5082b8320b33a294.js", 404:""handleUnknownRoute: "/en/styles.30c122df8e49c4b2.css", 404:""handleUnknownRoute: "/en/runtime.4a2a35437efa0b52.js", 404:""



handleUnknownRoute: "/en/polyfills.440c58f4d28be425.js", 404:""handleUnknownRoute: "/en/main.85a31be18614bcf4.js", 404:""
handleUnknownRoute: "/en/scripts.5082b8320b33a294.js", 404:""handleUnknownRoute: "/en/styles.30c122df8e49c4b2.css", 404:""


handleUnknownRoute: "/en/runtime.4a2a35437efa0b52.js", 404:""handleUnknownRoute: "/en/polyfills.440c58f4d28be425.js", 404:""

handleUnknownRoute: "/en/main.85a31be18614bcf4.js", 404:""handleUnknownRoute: "/en/scripts.5082b8320b33a294.js", 404:""

handleUnknownRoute: "/en/styles.30c122df8e49c4b2.css", 404:""handleUnknownRoute: "/en/runtime.4a2a35437efa0b52.js", 404:""

handleUnknownRoute: "/en/polyfills.440c58f4d28be425.js", 404:""handleUnknownRoute: "/en/main.85a31be18614bcf4.js", 404:""

handleUnknownRoute: "/en/scripts.5082b8320b33a294.js", 404:""handleUnknownRoute: "/en/styles.30c122df8e49c4b2.css", 404:""
handleUnknownRoute: "/en/runtime.4a2a35437efa0b52.js", 404:""
handleUnknownRoute: "/en/polyfills.440c58f4d28be425.js", 404:""

handleUnknownRoute: "/en/main.85a31be18614bcf4.js", 404:""handleUnknownRoute: "/en/scripts.5082b8320b33a294.js", 404:""

handleUnknownRoute: "/en/styles.30c122df8e49c4b2.css", 404:""handleUnknownRoute: "/en/runtime.4a2a35437efa0b52.js", 404:""

handleUnknownRoute: "/en/polyfills.440c58f4d28be425.js", 404:""handleUnknownRoute: "/en/scripts.5082b8320b33a294.js", 404:""handleUnknownRoute: "/en/main.85a31be18614bcf4.js", 404:""

handleUnknownRoute: "/en/styles.30c122df8e49c4b2.css", 404:""handleUnknownRoute: "/en/runtime.4a2a35437efa0b52.js", 404:""

handleUnknownRoute: "/en/polyfills.440c58f4d28be425.js", 404:""handleUnknownRoute: "/en/main.85a31be18614bcf4.js", 404:""


handleUnknownRoute: "/en/scripts.5082b8320b33a294.js", 404:""handleUnknownRoute: "/en/styles.30c122df8e49c4b2.css", 404:""

handleUnknownRoute: "/en/runtime.4a2a35437efa0b52.js", 404:""handleUnknownRoute: "/en/polyfills.440c58f4d28be425.js", 404:""

handleUnknownRoute: "/en/main.85a31be18614bcf4.js", 404:""handleUnknownRoute: "/en/scripts.5082b8320b33a294.js", 404:""

handleUnknownRoute: "/en/runtime.4a2a35437efa0b52.js", 404:""handleUnknownRoute: "/en/styles.30c122df8e49c4b2.css", 404:""handleUnknownRoute: "/en/polyfills.440c58f4d28be425.js", 404:""

handleUnknownRoute: "/en/main.85a31be18614bcf4.js", 404:""handleUnknownRoute: "/en/scripts.5082b8320b33a294.js", 404:""

handleUnknownRoute: "/en/styles.30c122df8e49c4b2.css", 404:""handleUnknownRoute: "/en/runtime.4a2a35437efa0b52.js", 404:""handleUnknownRoute: "/en/polyfills.440c58f4d28be425.js", 404:""


handleUnknownRoute: "/en/main.85a31be18614bcf4.js", 404:""

handleUnknownRoute: "/en/styles.30c122df8e49c4b2.css", 404:""handleUnknownRoute: "/en/runtime.4a2a35437efa0b52.js", 404:""handleUnknownRoute: "/en/scripts.5082b8320b33a294.js", 404:""

handleUnknownRoute: "/en/polyfills.440c58f4d28be425.js", 404:""

handleUnknownRoute: "/en/main.85a31be18614bcf4.js", 404:""handleUnknownRoute: "/en/scripts.5082b8320b33a294.js", 404:""



handleUnknownRoute: "/en/styles.30c122df8e49c4b2.css", 404:""


Folder "./scully" doesn't seem to contain custom plugins Deprication Notice:
       ======================================================================
         From now on, the plugin that is being used to render a route is
         able to be changed by the user. You can do this by adding or
         enabling the plugin in the scully.json file. For your convenience,
         we loaded the Puppeteer plugin for you.

         To disable this warning enable the plugin of your choice.
         for Puppteer please add:
             import '@scullyio/scully-plugin-puppeteer';
          to your scully.alpha-konstruksi-nusantara-web.config.ts file.

          When you get this warning while not using scully-plugin-puppeteer
          you need to set the defaultRouteRenderer to the name of your plugin.
          The defaultRouteRenderer is now set to 'routeRenderer'.
       ======================================================================


You are using "https://alphakonstruksi.id/en" as server.
      ----------------------------------   To discover new routes in the angular app use "npm run scully -- --scanRoutes"Using stored unhandled routes!.----------------------------------




Folder "./scully" doesn't seem to contain custom plugins Deprication Notice:
       ======================================================================
         From now on, the plugin that is being used to render a route is
         able to be changed by the user. You can do this by adding or
         enabling the plugin in the scully.json file. For your convenience,
         we loaded the Puppeteer plugin for you.

         To disable this warning enable the plugin of your choice.
         for Puppteer please add:
             import '@scullyio/scully-plugin-puppeteer';
          to your scully.alpha-konstruksi-nusantara-web.config.ts file.

          When you get this warning while not using scully-plugin-puppeteer
          you need to set the defaultRouteRenderer to the name of your plugin.
          The defaultRouteRenderer is now set to 'routeRenderer'.
       ======================================================================


You are using "https://alphakonstruksi.id/en" as server.
      ----------------------------------   To discover new routes in the angular app use "npm run scully -- --scanRoutes"Using stored unhandled routes!.----------------------------------




Folder "./scully" doesn't seem to contain custom plugins Deprication Notice:
       ======================================================================
         From now on, the plugin that is being used to render a route is
         able to be changed by the user. You can do this by adding or
         enabling the plugin in the scully.json file. For your convenience,
         we loaded the Puppeteer plugin for you.

         To disable this warning enable the plugin of your choice.
         for Puppteer please add:
             import '@scullyio/scully-plugin-puppeteer';
          to your scully.alpha-konstruksi-nusantara-web.config.ts file.

          When you get this warning while not using scully-plugin-puppeteer
          you need to set the defaultRouteRenderer to the name of your plugin.
          The defaultRouteRenderer is now set to 'routeRenderer'.
       ======================================================================


You are using "https://alphakonstruksi.id/en" as server.
      ----------------------------------   To discover new routes in the angular app use "npm run scully -- --scanRoutes"Using stored unhandled routes!.----------------------------------




Folder "./scully" doesn't seem to contain custom plugins Deprication Notice:
       ======================================================================
         From now on, the plugin that is being used to render a route is
         able to be changed by the user. You can do this by adding or
         enabling the plugin in the scully.json file. For your convenience,
         we loaded the Puppeteer plugin for you.

         To disable this warning enable the plugin of your choice.
         for Puppteer please add:
             import '@scullyio/scully-plugin-puppeteer';
          to your scully.alpha-konstruksi-nusantara-web.config.ts file.

          When you get this warning while not using scully-plugin-puppeteer
          you need to set the defaultRouteRenderer to the name of your plugin.
          The defaultRouteRenderer is now set to 'routeRenderer'.
       ======================================================================


You are using "https://alphakonstruksi.id/zh" as server.
      ----------------------------------   To discover new routes in the angular app use "npm run scully -- --scanRoutes"Using stored unhandled routes!.----------------------------------




Folder "./scully" doesn't seem to contain custom plugins Deprication Notice:
       ======================================================================
         From now on, the plugin that is being used to render a route is
         able to be changed by the user. You can do this by adding or
         enabling the plugin in the scully.json file. For your convenience,
         we loaded the Puppeteer plugin for you.

         To disable this warning enable the plugin of your choice.
         for Puppteer please add:
             import '@scullyio/scully-plugin-puppeteer';
          to your scully.alpha-konstruksi-nusantara-web.config.ts file.

          When you get this warning while not using scully-plugin-puppeteer
          you need to set the defaultRouteRenderer to the name of your plugin.
          The defaultRouteRenderer is now set to 'routeRenderer'.
       ======================================================================


You are using "https://alphakonstruksi.id/zh" as server.
      ----------------------------------   To discover new routes in the angular app use "npm run scully -- --scanRoutes"Using stored unhandled routes!.----------------------------------




Folder "./scully" doesn't seem to contain custom plugins Deprication Notice:
       ======================================================================
         From now on, the plugin that is being used to render a route is
         able to be changed by the user. You can do this by adding or
         enabling the plugin in the scully.json file. For your convenience,
         we loaded the Puppeteer plugin for you.

         To disable this warning enable the plugin of your choice.
         for Puppteer please add:
             import '@scullyio/scully-plugin-puppeteer';
          to your scully.alpha-konstruksi-nusantara-web.config.ts file.

          When you get this warning while not using scully-plugin-puppeteer
          you need to set the defaultRouteRenderer to the name of your plugin.
          The defaultRouteRenderer is now set to 'routeRenderer'.
       ======================================================================


You are using "https://alphakonstruksi.id/en" as server.
      ----------------------------------   To discover new routes in the angular app use "npm run scully -- --scanRoutes"Using stored unhandled routes!.----------------------------------




Folder "./scully" doesn't seem to contain custom plugins Deprication Notice:
       ======================================================================
         From now on, the plugin that is being used to render a route is
         able to be changed by the user. You can do this by adding or
         enabling the plugin in the scully.json file. For your convenience,
         we loaded the Puppeteer plugin for you.

         To disable this warning enable the plugin of your choice.
         for Puppteer please add:
             import '@scullyio/scully-plugin-puppeteer';
          to your scully.alpha-konstruksi-nusantara-web.config.ts file.

          When you get this warning while not using scully-plugin-puppeteer
          you need to set the defaultRouteRenderer to the name of your plugin.
          The defaultRouteRenderer is now set to 'routeRenderer'.
       ======================================================================


You are using "https://alphakonstruksi.id/en" as server.
      ----------------------------------   To discover new routes in the angular app use "npm run scully -- --scanRoutes"Using stored unhandled routes!.----------------------------------




Folder "./scully" doesn't seem to contain custom plugins Deprication Notice:
       ======================================================================
         From now on, the plugin that is being used to render a route is
         able to be changed by the user. You can do this by adding or
         enabling the plugin in the scully.json file. For your convenience,
         we loaded the Puppeteer plugin for you.

         To disable this warning enable the plugin of your choice.
         for Puppteer please add:
             import '@scullyio/scully-plugin-puppeteer';
          to your scully.alpha-konstruksi-nusantara-web.config.ts file.

          When you get this warning while not using scully-plugin-puppeteer
          you need to set the defaultRouteRenderer to the name of your plugin.
          The defaultRouteRenderer is now set to 'routeRenderer'.
       ======================================================================


You are using "https://alphakonstruksi.id/zh" as server.
      ----------------------------------   To discover new routes in the angular app use "npm run scully -- --scanRoutes"----------------------------------Using stored unhandled routes!.




Folder "./scully" doesn't seem to contain custom plugins Deprication Notice:
       ======================================================================
         From now on, the plugin that is being used to render a route is
         able to be changed by the user. You can do this by adding or
         enabling the plugin in the scully.json file. For your convenience,
         we loaded the Puppeteer plugin for you.

         To disable this warning enable the plugin of your choice.
         for Puppteer please add:
             import '@scullyio/scully-plugin-puppeteer';
          to your scully.alpha-konstruksi-nusantara-web.config.ts file.

          When you get this warning while not using scully-plugin-puppeteer
          you need to set the defaultRouteRenderer to the name of your plugin.
          The defaultRouteRenderer is now set to 'routeRenderer'.
       ======================================================================


You are using "https://alphakonstruksi.id" as server.
      ----------------------------------Using stored unhandled routes!.   To discover new routes in the angular app use "npm run scully -- --scanRoutes"----------------------------------




Folder "./scully" doesn't seem to contain custom plugins Deprication Notice:
       ======================================================================
         From now on, the plugin that is being used to render a route is
         able to be changed by the user. You can do this by adding or
         enabling the plugin in the scully.json file. For your convenience,
         we loaded the Puppeteer plugin for you.

         To disable this warning enable the plugin of your choice.
         for Puppteer please add:
             import '@scullyio/scully-plugin-puppeteer';
          to your scully.alpha-konstruksi-nusantara-web.config.ts file.

          When you get this warning while not using scully-plugin-puppeteer
          you need to set the defaultRouteRenderer to the name of your plugin.
          The defaultRouteRenderer is now set to 'routeRenderer'.
       ======================================================================


You are using "https://alphakonstruksi.id/id" as server.
      ----------------------------------Using stored unhandled routes!.   To discover new routes in the angular app use "npm run scully -- --scanRoutes"----------------------------------




Folder "./scully" doesn't seem to contain custom plugins Deprication Notice:
       ======================================================================
         From now on, the plugin that is being used to render a route is
         able to be changed by the user. You can do this by adding or
         enabling the plugin in the scully.json file. For your convenience,
         we loaded the Puppeteer plugin for you.

         To disable this warning enable the plugin of your choice.
         for Puppteer please add:
             import '@scullyio/scully-plugin-puppeteer';
          to your scully.alpha-konstruksi-nusantara-web.config.ts file.

          When you get this warning while not using scully-plugin-puppeteer
          you need to set the defaultRouteRenderer to the name of your plugin.
          The defaultRouteRenderer is now set to 'routeRenderer'.
       ======================================================================


You are using "https://alphakonstruksi.id/id" as server.
      ----------------------------------   To discover new routes in the angular app use "npm run scully -- --scanRoutes"Using stored unhandled routes!.----------------------------------




Folder "./scully" doesn't seem to contain custom plugins Deprication Notice:
       ======================================================================
         From now on, the plugin that is being used to render a route is
         able to be changed by the user. You can do this by adding or
         enabling the plugin in the scully.json file. For your convenience,
         we loaded the Puppeteer plugin for you.

         To disable this warning enable the plugin of your choice.
         for Puppteer please add:
             import '@scullyio/scully-plugin-puppeteer';
          to your scully.alpha-konstruksi-nusantara-web.config.ts file.

          When you get this warning while not using scully-plugin-puppeteer
          you need to set the defaultRouteRenderer to the name of your plugin.
          The defaultRouteRenderer is now set to 'routeRenderer'.
       ======================================================================


You are using "https://alphakonstruksi.id/id" as server.
      Using stored unhandled routes!.----------------------------------   To discover new routes in the angular app use "npm run scully -- --scanRoutes"----------------------------------




Folder "./scully" doesn't seem to contain custom plugins Deprication Notice:
       ======================================================================
         From now on, the plugin that is being used to render a route is
         able to be changed by the user. You can do this by adding or
         enabling the plugin in the scully.json file. For your convenience,
         we loaded the Puppeteer plugin for you.

         To disable this warning enable the plugin of your choice.
         for Puppteer please add:
             import '@scullyio/scully-plugin-puppeteer';
          to your scully.alpha-konstruksi-nusantara-web.config.ts file.

          When you get this warning while not using scully-plugin-puppeteer
          you need to set the defaultRouteRenderer to the name of your plugin.
          The defaultRouteRenderer is now set to 'routeRenderer'.
       ======================================================================

Folder "./scully" doesn't seem to contain custom plugins Deprication Notice:
       ======================================================================
         From now on, the plugin that is being used to render a route is
         able to be changed by the user. You can do this by adding or
         enabling the plugin in the scully.json file. For your convenience,
         we loaded the Puppeteer plugin for you.

         To disable this warning enable the plugin of your choice.
         for Puppteer please add:
             import '@scullyio/scully-plugin-puppeteer';
          to your scully.alpha-konstruksi-nusantara-web.config.ts file.

          When you get this warning while not using scully-plugin-puppeteer
          you need to set the defaultRouteRenderer to the name of your plugin.
          The defaultRouteRenderer is now set to 'routeRenderer'.
       ======================================================================

Folder "./scully" doesn't seem to contain custom plugins Deprication Notice:
       ======================================================================
         From now on, the plugin that is being used to render a route is
         able to be changed by the user. You can do this by adding or
         enabling the plugin in the scully.json file. For your convenience,
         we loaded the Puppeteer plugin for you.

         To disable this warning enable the plugin of your choice.
         for Puppteer please add:
             import '@scullyio/scully-plugin-puppeteer';
          to your scully.alpha-konstruksi-nusantara-web.config.ts file.

          When you get this warning while not using scully-plugin-puppeteer
          you need to set the defaultRouteRenderer to the name of your plugin.
          The defaultRouteRenderer is now set to 'routeRenderer'.
       ======================================================================

----------------------------------Using stored unhandled routes!.   To discover new routes in the angular app use "npm run scully -- --scanRoutes"----------------------------------



handleUnknownRoute: "/id/runtime.4a2a35437efa0b52.js", 404:""handleUnknownRoute: "/id/polyfills.440c58f4d28be425.js", 404:""handleUnknownRoute: "/id/main.85a31be18614bcf4.js", 404:""
handleUnknownRoute: "/id/runtime.4a2a35437efa0b52.js", 404:""
handleUnknownRoute: "/id/scripts.5082b8320b33a294.js", 404:""handleUnknownRoute: "/id/polyfills.440c58f4d28be425.js", 404:""handleUnknownRoute: "/id/main.85a31be18614bcf4.js", 404:""handleUnknownRoute: "/id/styles.30c122df8e49c4b2.css", 404:""

handleUnknownRoute: "/id/runtime.4a2a35437efa0b52.js", 404:""
handleUnknownRoute: "/id/scripts.5082b8320b33a294.js", 404:""handleUnknownRoute: "/id/polyfills.440c58f4d28be425.js", 404:""


handleUnknownRoute: "/id/styles.30c122df8e49c4b2.css", 404:""handleUnknownRoute: "/id/main.85a31be18614bcf4.js", 404:""
handleUnknownRoute: "/id/runtime.4a2a35437efa0b52.js", 404:""handleUnknownRoute: "/id/scripts.5082b8320b33a294.js", 404:""

handleUnknownRoute: "/id/polyfills.440c58f4d28be425.js", 404:""handleUnknownRoute: "/id/main.85a31be18614bcf4.js", 404:""

handleUnknownRoute: "/id/styles.30c122df8e49c4b2.css", 404:""

handleUnknownRoute: "/id/runtime.4a2a35437efa0b52.js", 404:""handleUnknownRoute: "/id/scripts.5082b8320b33a294.js", 404:""handleUnknownRoute: "/id/polyfills.440c58f4d28be425.js", 404:""

handleUnknownRoute: "/id/main.85a31be18614bcf4.js", 404:""
handleUnknownRoute: "/id/styles.30c122df8e49c4b2.css", 404:""handleUnknownRoute: "/id/runtime.4a2a35437efa0b52.js", 404:""handleUnknownRoute: "/id/scripts.5082b8320b33a294.js", 404:""


handleUnknownRoute: "/id/polyfills.440c58f4d28be425.js", 404:""handleUnknownRoute: "/id/main.85a31be18614bcf4.js", 404:""
handleUnknownRoute: "/id/styles.30c122df8e49c4b2.css", 404:""handleUnknownRoute: "/id/runtime.4a2a35437efa0b52.js", 404:""


handleUnknownRoute: "/id/scripts.5082b8320b33a294.js", 404:""handleUnknownRoute: "/id/polyfills.440c58f4d28be425.js", 404:""handleUnknownRoute: "/id/main.85a31be18614bcf4.js", 404:""


handleUnknownRoute: "/id/styles.30c122df8e49c4b2.css", 404:""handleUnknownRoute: "/id/runtime.4a2a35437efa0b52.js", 404:""handleUnknownRoute: "/id/polyfills.440c58f4d28be425.js", 404:""handleUnknownRoute: "/id/scripts.5082b8320b33a294.js", 404:""


handleUnknownRoute: "/id/main.85a31be18614bcf4.js", 404:""
handleUnknownRoute: "/id/styles.30c122df8e49c4b2.css", 404:""handleUnknownRoute: "/id/runtime.4a2a35437efa0b52.js", 404:""handleUnknownRoute: "/id/scripts.5082b8320b33a294.js", 404:""



handleUnknownRoute: "/id/polyfills.440c58f4d28be425.js", 404:""handleUnknownRoute: "/id/main.85a31be18614bcf4.js", 404:""
handleUnknownRoute: "/id/styles.30c122df8e49c4b2.css", 404:""handleUnknownRoute: "/id/runtime.4a2a35437efa0b52.js", 404:""


handleUnknownRoute: "/id/scripts.5082b8320b33a294.js", 404:""handleUnknownRoute: "/id/polyfills.440c58f4d28be425.js", 404:""handleUnknownRoute: "/id/main.85a31be18614bcf4.js", 404:""

handleUnknownRoute: "/id/styles.30c122df8e49c4b2.css", 404:""handleUnknownRoute: "/id/runtime.4a2a35437efa0b52.js", 404:""

handleUnknownRoute: "/id/scripts.5082b8320b33a294.js", 404:""handleUnknownRoute: "/id/polyfills.440c58f4d28be425.js", 404:""handleUnknownRoute: "/id/main.85a31be18614bcf4.js", 404:""


handleUnknownRoute: "/id/styles.30c122df8e49c4b2.css", 404:""

handleUnknownRoute: "/id/scripts.5082b8320b33a294.js", 404:""



handleUnknownRoute: "/id/styles.30c122df8e49c4b2.css", 404:""

handleUnknownRoute: "/id/runtime.4a2a35437efa0b52.js", 404:""handleUnknownRoute: "/id/polyfills.440c58f4d28be425.js", 404:""handleUnknownRoute: "/id/main.85a31be18614bcf4.js", 404:""handleUnknownRoute: "/id/runtime.4a2a35437efa0b52.js", 404:""
handleUnknownRoute: "/id/polyfills.440c58f4d28be425.js", 404:""

handleUnknownRoute: "/id/scripts.5082b8320b33a294.js", 404:""handleUnknownRoute: "/id/main.85a31be18614bcf4.js", 404:""handleUnknownRoute: "/id/styles.30c122df8e49c4b2.css", 404:""

handleUnknownRoute: "/id/scripts.5082b8320b33a294.js", 404:""


handleUnknownRoute: "/id/styles.30c122df8e49c4b2.css", 404:""

handleUnknownRoute: "/id/favicon.ico", 404:""
handleUnknownRoute: "/id/favicon.ico", 404:""
handleUnknownRoute: "/id/favicon.ico", 404:""
handleUnknownRoute: "/id/favicon.ico", 404:""
handleUnknownRoute: "/id/favicon.ico", 404:""
handleUnknownRoute: "/id/favicon.ico", 404:""
handleUnknownRoute: "/id/favicon.ico", 404:""
handleUnknownRoute: "/id/favicon.ico", 404:""
handleUnknownRoute: "/id/favicon.ico", 404:""
Folder "./scully" doesn't seem to contain custom plugins Deprication Notice:
       ======================================================================
         From now on, the plugin that is being used to render a route is
         able to be changed by the user. You can do this by adding or
         enabling the plugin in the scully.json file. For your convenience,
         we loaded the Puppeteer plugin for you.

         To disable this warning enable the plugin of your choice.
         for Puppteer please add:
             import '@scullyio/scully-plugin-puppeteer';
          to your scully.alpha-konstruksi-nusantara-web.config.ts file.

          When you get this warning while not using scully-plugin-puppeteer
          you need to set the defaultRouteRenderer to the name of your plugin.
          The defaultRouteRenderer is now set to 'routeRenderer'.
       ======================================================================

----------------------------------Using stored unhandled routes!.   To discover new routes in the angular app use "npm run scully -- --scanRoutes"----------------------------------



handleUnknownRoute: "/id/runtime.4a2a35437efa0b52.js", 404:""handleUnknownRoute: "/id/polyfills.440c58f4d28be425.js", 404:""handleUnknownRoute: "/id/main.85a31be18614bcf4.js", 404:""handleUnknownRoute: "/id/runtime.4a2a35437efa0b52.js", 404:""
handleUnknownRoute: "/id/scripts.5082b8320b33a294.js", 404:""handleUnknownRoute: "/id/polyfills.440c58f4d28be425.js", 404:""handleUnknownRoute: "/id/styles.30c122df8e49c4b2.css", 404:""

handleUnknownRoute: "/id/main.85a31be18614bcf4.js", 404:""handleUnknownRoute: "/id/runtime.4a2a35437efa0b52.js", 404:""
handleUnknownRoute: "/id/scripts.5082b8320b33a294.js", 404:""handleUnknownRoute: "/id/polyfills.440c58f4d28be425.js", 404:""

handleUnknownRoute: "/id/styles.30c122df8e49c4b2.css", 404:""handleUnknownRoute: "/id/main.85a31be18614bcf4.js", 404:""


handleUnknownRoute: "/id/scripts.5082b8320b33a294.js", 404:""handleUnknownRoute: "/id/runtime.4a2a35437efa0b52.js", 404:""handleUnknownRoute: "/id/polyfills.440c58f4d28be425.js", 404:""


handleUnknownRoute: "/id/styles.30c122df8e49c4b2.css", 404:""handleUnknownRoute: "/id/main.85a31be18614bcf4.js", 404:""handleUnknownRoute: "/id/runtime.4a2a35437efa0b52.js", 404:""


handleUnknownRoute: "/id/scripts.5082b8320b33a294.js", 404:""handleUnknownRoute: "/id/polyfills.440c58f4d28be425.js", 404:""
handleUnknownRoute: "/id/styles.30c122df8e49c4b2.css", 404:""handleUnknownRoute: "/id/main.85a31be18614bcf4.js", 404:""


handleUnknownRoute: "/id/scripts.5082b8320b33a294.js", 404:""handleUnknownRoute: "/id/runtime.4a2a35437efa0b52.js", 404:""

handleUnknownRoute: "/id/polyfills.440c58f4d28be425.js", 404:""handleUnknownRoute: "/id/styles.30c122df8e49c4b2.css", 404:""

handleUnknownRoute: "/id/runtime.4a2a35437efa0b52.js", 404:""handleUnknownRoute: "/id/main.85a31be18614bcf4.js", 404:""

handleUnknownRoute: "/id/scripts.5082b8320b33a294.js", 404:""handleUnknownRoute: "/id/polyfills.440c58f4d28be425.js", 404:""handleUnknownRoute: "/id/styles.30c122df8e49c4b2.css", 404:""

handleUnknownRoute: "/id/main.85a31be18614bcf4.js", 404:""handleUnknownRoute: "/id/runtime.4a2a35437efa0b52.js", 404:""

handleUnknownRoute: "/id/scripts.5082b8320b33a294.js", 404:""handleUnknownRoute: "/id/polyfills.440c58f4d28be425.js", 404:""

handleUnknownRoute: "/id/styles.30c122df8e49c4b2.css", 404:""handleUnknownRoute: "/id/runtime.4a2a35437efa0b52.js", 404:""handleUnknownRoute: "/id/main.85a31be18614bcf4.js", 404:""


handleUnknownRoute: "/id/scripts.5082b8320b33a294.js", 404:""handleUnknownRoute: "/id/polyfills.440c58f4d28be425.js", 404:""

handleUnknownRoute: "/id/styles.30c122df8e49c4b2.css", 404:""handleUnknownRoute: "/id/runtime.4a2a35437efa0b52.js", 404:""handleUnknownRoute: "/id/main.85a31be18614bcf4.js", 404:""


handleUnknownRoute: "/id/polyfills.440c58f4d28be425.js", 404:""handleUnknownRoute: "/id/scripts.5082b8320b33a294.js", 404:""
handleUnknownRoute: "/id/styles.30c122df8e49c4b2.css", 404:""handleUnknownRoute: "/id/main.85a31be18614bcf4.js", 404:""
handleUnknownRoute: "/id/runtime.4a2a35437efa0b52.js", 404:""


handleUnknownRoute: "/id/scripts.5082b8320b33a294.js", 404:""

handleUnknownRoute: "/id/polyfills.440c58f4d28be425.js", 404:""handleUnknownRoute: "/id/styles.30c122df8e49c4b2.css", 404:""handleUnknownRoute: "/id/main.85a31be18614bcf4.js", 404:""

handleUnknownRoute: "/id/runtime.4a2a35437efa0b52.js", 404:""

handleUnknownRoute: "/id/scripts.5082b8320b33a294.js", 404:""handleUnknownRoute: "/id/polyfills.440c58f4d28be425.js", 404:""

handleUnknownRoute: "/id/styles.30c122df8e49c4b2.css", 404:""handleUnknownRoute: "/id/runtime.4a2a35437efa0b52.js", 404:""handleUnknownRoute: "/id/main.85a31be18614bcf4.js", 404:""

handleUnknownRoute: "/id/scripts.5082b8320b33a294.js", 404:""handleUnknownRoute: "/id/polyfills.440c58f4d28be425.js", 404:""
handleUnknownRoute: "/id/styles.30c122df8e49c4b2.css", 404:""
handleUnknownRoute: "/id/main.85a31be18614bcf4.js", 404:""


handleUnknownRoute: "/id/scripts.5082b8320b33a294.js", 404:""

handleUnknownRoute: "/id/styles.30c122df8e49c4b2.css", 404:""



handleUnknownRoute: "/id/favicon.ico", 404:""
handleUnknownRoute: "/id/favicon.ico", 404:""
handleUnknownRoute: "/id/favicon.ico", 404:""
handleUnknownRoute: "/id/favicon.ico", 404:""
handleUnknownRoute: "/id/favicon.ico", 404:""
handleUnknownRoute: "/id/favicon.ico", 404:""
handleUnknownRoute: "/id/favicon.ico", 404:""
handleUnknownRoute: "/id/favicon.ico", 404:""
handleUnknownRoute: "/id/favicon.ico", 404:""
handleUnknownRoute: "/id/favicon.ico", 404:""
handleUnknownRoute: "/id/runtime.4a2a35437efa0b52.js", 404:""handleUnknownRoute: "/id/polyfills.440c58f4d28be425.js", 404:""handleUnknownRoute: "/id/main.85a31be18614bcf4.js", 404:""


handleUnknownRoute: "/id/scripts.5082b8320b33a294.js", 404:""handleUnknownRoute: "/id/styles.30c122df8e49c4b2.css", 404:""

handleUnknownRoute: "/id/runtime.4a2a35437efa0b52.js", 404:""
handleUnknownRoute: "/id/polyfills.440c58f4d28be425.js", 404:""handleUnknownRoute: "/id/main.85a31be18614bcf4.js", 404:""handleUnknownRoute: "/id/scripts.5082b8320b33a294.js", 404:""handleUnknownRoute: "/id/styles.30c122df8e49c4b2.css", 404:""



handleUnknownRoute: "/id/favicon.ico", 404:""
handleUnknownRoute: "/id/runtime.4a2a35437efa0b52.js", 404:""
handleUnknownRoute: "/id/polyfills.440c58f4d28be425.js", 404:""handleUnknownRoute: "/id/scripts.5082b8320b33a294.js", 404:""handleUnknownRoute: "/id/styles.30c122df8e49c4b2.css", 404:""handleUnknownRoute: "/id/main.85a31be18614bcf4.js", 404:""



handleUnknownRoute: "/id/styles.30c122df8e49c4b2.css", 404:""
handleUnknownRoute: "/id", 404:""
Folder "./scully" doesn't seem to contain custom plugins Deprication Notice:
       ======================================================================
         From now on, the plugin that is being used to render a route is
         able to be changed by the user. You can do this by adding or
         enabling the plugin in the scully.json file. For your convenience,
         we loaded the Puppeteer plugin for you.

         To disable this warning enable the plugin of your choice.
         for Puppteer please add:
             import '@scullyio/scully-plugin-puppeteer';
          to your scully.alpha-konstruksi-nusantara-web.config.ts file.

          When you get this warning while not using scully-plugin-puppeteer
          you need to set the defaultRouteRenderer to the name of your plugin.
          The defaultRouteRenderer is now set to 'routeRenderer'.
       ======================================================================

----------------------------------   To discover new routes in the angular app use "npm run scully -- --scanRoutes"----------------------------------Using stored unhandled routes!.



handleUnknownRoute: "/id/runtime.4a2a35437efa0b52.js", 404:""handleUnknownRoute: "/id/polyfills.440c58f4d28be425.js", 404:""handleUnknownRoute: "/id/main.85a31be18614bcf4.js", 404:""

handleUnknownRoute: "/id/runtime.4a2a35437efa0b52.js", 404:""handleUnknownRoute: "/id/polyfills.440c58f4d28be425.js", 404:""handleUnknownRoute: "/id/scripts.5082b8320b33a294.js", 404:""handleUnknownRoute: "/id/styles.30c122df8e49c4b2.css", 404:""
handleUnknownRoute: "/id/main.85a31be18614bcf4.js", 404:""
handleUnknownRoute: "/id/runtime.4a2a35437efa0b52.js", 404:""handleUnknownRoute: "/id/polyfills.440c58f4d28be425.js", 404:""

handleUnknownRoute: "/id/scripts.5082b8320b33a294.js", 404:""handleUnknownRoute: "/id/styles.30c122df8e49c4b2.css", 404:""

handleUnknownRoute: "/id/main.85a31be18614bcf4.js", 404:""
handleUnknownRoute: "/id/polyfills.440c58f4d28be425.js", 404:""handleUnknownRoute: "/id/runtime.4a2a35437efa0b52.js", 404:""handleUnknownRoute: "/id/scripts.5082b8320b33a294.js", 404:""


handleUnknownRoute: "/id/styles.30c122df8e49c4b2.css", 404:""handleUnknownRoute: "/id/main.85a31be18614bcf4.js", 404:""handleUnknownRoute: "/id/runtime.4a2a35437efa0b52.js", 404:""handleUnknownRoute: "/id/polyfills.440c58f4d28be425.js", 404:""



handleUnknownRoute: "/id/styles.30c122df8e49c4b2.css", 404:""handleUnknownRoute: "/id/scripts.5082b8320b33a294.js", 404:""
handleUnknownRoute: "/id/main.85a31be18614bcf4.js", 404:""handleUnknownRoute: "/id/runtime.4a2a35437efa0b52.js", 404:""handleUnknownRoute: "/id/polyfills.440c58f4d28be425.js", 404:""


handleUnknownRoute: "/id/scripts.5082b8320b33a294.js", 404:""handleUnknownRoute: "/id/styles.30c122df8e49c4b2.css", 404:""

handleUnknownRoute: "/id/main.85a31be18614bcf4.js", 404:""handleUnknownRoute: "/id/runtime.4a2a35437efa0b52.js", 404:""


handleUnknownRoute: "/id/polyfills.440c58f4d28be425.js", 404:""handleUnknownRoute: "/id/scripts.5082b8320b33a294.js", 404:""handleUnknownRoute: "/id/styles.30c122df8e49c4b2.css", 404:""

handleUnknownRoute: "/id/main.85a31be18614bcf4.js", 404:""handleUnknownRoute: "/id/runtime.4a2a35437efa0b52.js", 404:""

handleUnknownRoute: "/id/polyfills.440c58f4d28be425.js", 404:""handleUnknownRoute: "/id/scripts.5082b8320b33a294.js", 404:""handleUnknownRoute: "/id/styles.30c122df8e49c4b2.css", 404:""

handleUnknownRoute: "/id/main.85a31be18614bcf4.js", 404:""

handleUnknownRoute: "/id/runtime.4a2a35437efa0b52.js", 404:""handleUnknownRoute: "/id/polyfills.440c58f4d28be425.js", 404:""handleUnknownRoute: "/id/scripts.5082b8320b33a294.js", 404:""



handleUnknownRoute: "/id/styles.30c122df8e49c4b2.css", 404:""handleUnknownRoute: "/id/main.85a31be18614bcf4.js", 404:""
handleUnknownRoute: "/id/runtime.4a2a35437efa0b52.js", 404:""handleUnknownRoute: "/id/polyfills.440c58f4d28be425.js", 404:""


handleUnknownRoute: "/id/scripts.5082b8320b33a294.js", 404:""handleUnknownRoute: "/id/styles.30c122df8e49c4b2.css", 404:""
handleUnknownRoute: "/id/main.85a31be18614bcf4.js", 404:""handleUnknownRoute: "/id/runtime.4a2a35437efa0b52.js", 404:""


handleUnknownRoute: "/id/polyfills.440c58f4d28be425.js", 404:""handleUnknownRoute: "/id/scripts.5082b8320b33a294.js", 404:""handleUnknownRoute: "/id/styles.30c122df8e49c4b2.css", 404:""
handleUnknownRoute: "/id/main.85a31be18614bcf4.js", 404:""
handleUnknownRoute: "/id/runtime.4a2a35437efa0b52.js", 404:""

handleUnknownRoute: "/id/polyfills.440c58f4d28be425.js", 404:""handleUnknownRoute: "/id/scripts.5082b8320b33a294.js", 404:""


handleUnknownRoute: "/id/main.85a31be18614bcf4.js", 404:""handleUnknownRoute: "/id/styles.30c122df8e49c4b2.css", 404:""
handleUnknownRoute: "/id/runtime.4a2a35437efa0b52.js", 404:""handleUnknownRoute: "/id/polyfills.440c58f4d28be425.js", 404:""


handleUnknownRoute: "/id/scripts.5082b8320b33a294.js", 404:""handleUnknownRoute: "/id/styles.30c122df8e49c4b2.css", 404:""handleUnknownRoute: "/id/main.85a31be18614bcf4.js", 404:""



handleUnknownRoute: "/id/scripts.5082b8320b33a294.js", 404:""handleUnknownRoute: "/id/styles.30c122df8e49c4b2.css", 404:""




handleUnknownRoute: "/id/favicon.ico", 404:""
handleUnknownRoute: "/id/favicon.ico", 404:""
handleUnknownRoute: "/id/favicon.ico", 404:""
handleUnknownRoute: "/id/favicon.ico", 404:""
handleUnknownRoute: "/id/favicon.ico", 404:""
handleUnknownRoute: "/id/favicon.ico", 404:""
handleUnknownRoute: "/id/favicon.ico", 404:""
handleUnknownRoute: "/id/favicon.ico", 404:""
handleUnknownRoute: "/id/favicon.ico", 404:""
handleUnknownRoute: "/id/favicon.ico", 404:""
Folder "./scully" doesn't seem to contain custom plugins Deprication Notice:
       ======================================================================
         From now on, the plugin that is being used to render a route is
         able to be changed by the user. You can do this by adding or
         enabling the plugin in the scully.json file. For your convenience,
         we loaded the Puppeteer plugin for you.

         To disable this warning enable the plugin of your choice.
         for Puppteer please add:
             import '@scullyio/scully-plugin-puppeteer';
          to your scully.alpha-konstruksi-nusantara-web.config.ts file.

          When you get this warning while not using scully-plugin-puppeteer
          you need to set the defaultRouteRenderer to the name of your plugin.
          The defaultRouteRenderer is now set to 'routeRenderer'.
       ======================================================================

----------------------------------   To discover new routes in the angular app use "npm run scully -- --scanRoutes"Using stored unhandled routes!.----------------------------------



handleUnknownRoute: "/id/runtime.4a2a35437efa0b52.js", 404:""handleUnknownRoute: "/id/polyfills.440c58f4d28be425.js", 404:""handleUnknownRoute: "/id/main.85a31be18614bcf4.js", 404:""

handleUnknownRoute: "/id/scripts.5082b8320b33a294.js", 404:""
handleUnknownRoute: "/id/styles.30c122df8e49c4b2.css", 404:""

handleUnknownRoute: "/id/favicon.ico", 404:""
Folder "./scully" doesn't seem to contain custom plugins Deprication Notice:
       ======================================================================
         From now on, the plugin that is being used to render a route is
         able to be changed by the user. You can do this by adding or
         enabling the plugin in the scully.json file. For your convenience,
         we loaded the Puppeteer plugin for you.

         To disable this warning enable the plugin of your choice.
         for Puppteer please add:
             import '@scullyio/scully-plugin-puppeteer';
          to your scully.alpha-konstruksi-nusantara-web.config.ts file.

          When you get this warning while not using scully-plugin-puppeteer
          you need to set the defaultRouteRenderer to the name of your plugin.
          The defaultRouteRenderer is now set to 'routeRenderer'.
       ======================================================================

----------------------------------Using stored unhandled routes!.----------------------------------   To discover new routes in the angular app use "npm run scully -- --scanRoutes"



handleUnknownRoute: "/id/runtime.4a2a35437efa0b52.js", 404:""handleUnknownRoute: "/id/polyfills.440c58f4d28be425.js", 404:""handleUnknownRoute: "/id/main.85a31be18614bcf4.js", 404:""
handleUnknownRoute: "/id/runtime.4a2a35437efa0b52.js", 404:""handleUnknownRoute: "/id/scripts.5082b8320b33a294.js", 404:""handleUnknownRoute: "/id/styles.30c122df8e49c4b2.css", 404:""handleUnknownRoute: "/id/polyfills.440c58f4d28be425.js", 404:""
handleUnknownRoute: "/id/main.85a31be18614bcf4.js", 404:""handleUnknownRoute: "/id/runtime.4a2a35437efa0b52.js", 404:""

handleUnknownRoute: "/id/scripts.5082b8320b33a294.js", 404:""handleUnknownRoute: "/id/styles.30c122df8e49c4b2.css", 404:""handleUnknownRoute: "/id/polyfills.440c58f4d28be425.js", 404:""


handleUnknownRoute: "/id/main.85a31be18614bcf4.js", 404:""

handleUnknownRoute: "/id/runtime.4a2a35437efa0b52.js", 404:""handleUnknownRoute: "/id/scripts.5082b8320b33a294.js", 404:""handleUnknownRoute: "/id/styles.30c122df8e49c4b2.css", 404:""


handleUnknownRoute: "/id/main.85a31be18614bcf4.js", 404:""handleUnknownRoute: "/id/polyfills.440c58f4d28be425.js", 404:""
handleUnknownRoute: "/id/runtime.4a2a35437efa0b52.js", 404:""handleUnknownRoute: "/id/scripts.5082b8320b33a294.js", 404:""


handleUnknownRoute: "/id/styles.30c122df8e49c4b2.css", 404:""handleUnknownRoute: "/id/polyfills.440c58f4d28be425.js", 404:""handleUnknownRoute: "/id/main.85a31be18614bcf4.js", 404:""

handleUnknownRoute: "/id/runtime.4a2a35437efa0b52.js", 404:""handleUnknownRoute: "/id/scripts.5082b8320b33a294.js", 404:""
handleUnknownRoute: "/id/polyfills.440c58f4d28be425.js", 404:""



handleUnknownRoute: "/id/styles.30c122df8e49c4b2.css", 404:""handleUnknownRoute: "/id/main.85a31be18614bcf4.js", 404:""
handleUnknownRoute: "/id/runtime.4a2a35437efa0b52.js", 404:""handleUnknownRoute: "/id/scripts.5082b8320b33a294.js", 404:""handleUnknownRoute: "/id/polyfills.440c58f4d28be425.js", 404:""

handleUnknownRoute: "/id/styles.30c122df8e49c4b2.css", 404:""
handleUnknownRoute: "/id/main.85a31be18614bcf4.js", 404:""handleUnknownRoute: "/id/runtime.4a2a35437efa0b52.js", 404:""handleUnknownRoute: "/id/scripts.5082b8320b33a294.js", 404:""



handleUnknownRoute: "/id/polyfills.440c58f4d28be425.js", 404:""handleUnknownRoute: "/id/styles.30c122df8e49c4b2.css", 404:""
handleUnknownRoute: "/id/main.85a31be18614bcf4.js", 404:""handleUnknownRoute: "/id/runtime.4a2a35437efa0b52.js", 404:""


handleUnknownRoute: "/id/scripts.5082b8320b33a294.js", 404:""handleUnknownRoute: "/id/polyfills.440c58f4d28be425.js", 404:""handleUnknownRoute: "/id/styles.30c122df8e49c4b2.css", 404:""

handleUnknownRoute: "/id/main.85a31be18614bcf4.js", 404:""handleUnknownRoute: "/id/runtime.4a2a35437efa0b52.js", 404:""

handleUnknownRoute: "/id/scripts.5082b8320b33a294.js", 404:""handleUnknownRoute: "/id/polyfills.440c58f4d28be425.js", 404:""handleUnknownRoute: "/id/styles.30c122df8e49c4b2.css", 404:""


handleUnknownRoute: "/id/main.85a31be18614bcf4.js", 404:""

handleUnknownRoute: "/id/runtime.4a2a35437efa0b52.js", 404:""handleUnknownRoute: "/id/scripts.5082b8320b33a294.js", 404:""

handleUnknownRoute: "/id/polyfills.440c58f4d28be425.js", 404:""handleUnknownRoute: "/id/styles.30c122df8e49c4b2.css", 404:""
handleUnknownRoute: "/id/main.85a31be18614bcf4.js", 404:""handleUnknownRoute: "/id/runtime.4a2a35437efa0b52.js", 404:""


handleUnknownRoute: "/id/scripts.5082b8320b33a294.js", 404:""handleUnknownRoute: "/id/polyfills.440c58f4d28be425.js", 404:""

handleUnknownRoute: "/id/styles.30c122df8e49c4b2.css", 404:""handleUnknownRoute: "/id/main.85a31be18614bcf4.js", 404:""

handleUnknownRoute: "/id/scripts.5082b8320b33a294.js", 404:""handleUnknownRoute: "/id/runtime.4a2a35437efa0b52.js", 404:""

handleUnknownRoute: "/id/styles.30c122df8e49c4b2.css", 404:""handleUnknownRoute: "/id/polyfills.440c58f4d28be425.js", 404:""handleUnknownRoute: "/id/main.85a31be18614bcf4.js", 404:""



handleUnknownRoute: "/id/scripts.5082b8320b33a294.js", 404:""handleUnknownRoute: "/id/styles.30c122df8e49c4b2.css", 404:""




handleUnknownRoute: "/id/favicon.ico", 404:""
handleUnknownRoute: "/id/favicon.ico", 404:""
handleUnknownRoute: "/id/favicon.ico", 404:""
handleUnknownRoute: "/id/favicon.ico", 404:""
handleUnknownRoute: "/id/favicon.ico", 404:""
handleUnknownRoute: "/id/favicon.ico", 404:""
handleUnknownRoute: "/id/favicon.ico", 404:""
handleUnknownRoute: "/id/favicon.ico", 404:""
handleUnknownRoute: "/id/favicon.ico", 404:""
handleUnknownRoute: "/id/favicon.ico", 404:""
handleUnknownRoute: "/id/favicon.ico", 404:""
handleUnknownRoute: "/id/favicon.ico", 404:""
Folder "./scully" doesn't seem to contain custom plugins Deprication Notice:
       ======================================================================
         From now on, the plugin that is being used to render a route is
         able to be changed by the user. You can do this by adding or
         enabling the plugin in the scully.json file. For your convenience,
         we loaded the Puppeteer plugin for you.

         To disable this warning enable the plugin of your choice.
         for Puppteer please add:
             import '@scullyio/scully-plugin-puppeteer';
          to your scully.alpha-konstruksi-nusantara-web.config.ts file.

          When you get this warning while not using scully-plugin-puppeteer
          you need to set the defaultRouteRenderer to the name of your plugin.
          The defaultRouteRenderer is now set to 'routeRenderer'.
       ======================================================================

handleUnknownRoute: "/id/runtime.4a2a35437efa0b52.js", 404:""handleUnknownRoute: "/id/polyfills.440c58f4d28be425.js", 404:""handleUnknownRoute: "/id/main.85a31be18614bcf4.js", 404:""
handleUnknownRoute: "/id/scripts.5082b8320b33a294.js", 404:""
handleUnknownRoute: "/id/polyfills.440c58f4d28be425.js", 404:""handleUnknownRoute: "/id/runtime.4a2a35437efa0b52.js", 404:""handleUnknownRoute: "/id/main.85a31be18614bcf4.js", 404:""handleUnknownRoute: "/id/styles.30c122df8e49c4b2.css", 404:""

handleUnknownRoute: "/id/scripts.5082b8320b33a294.js", 404:""handleUnknownRoute: "/id/polyfills.440c58f4d28be425.js", 404:""handleUnknownRoute: "/id/runtime.4a2a35437efa0b52.js", 404:""handleUnknownRoute: "/id/styles.30c122df8e49c4b2.css", 404:""



handleUnknownRoute: "/id/main.85a31be18614bcf4.js", 404:""handleUnknownRoute: "/id/scripts.5082b8320b33a294.js", 404:""handleUnknownRoute: "/id/polyfills.440c58f4d28be425.js", 404:""handleUnknownRoute: "/id/runtime.4a2a35437efa0b52.js", 404:""



handleUnknownRoute: "/id/styles.30c122df8e49c4b2.css", 404:""handleUnknownRoute: "/id/main.85a31be18614bcf4.js", 404:""handleUnknownRoute: "/id/scripts.5082b8320b33a294.js", 404:""handleUnknownRoute: "/id/runtime.4a2a35437efa0b52.js", 404:""



handleUnknownRoute: "/id/polyfills.440c58f4d28be425.js", 404:""handleUnknownRoute: "/id/styles.30c122df8e49c4b2.css", 404:""handleUnknownRoute: "/id/main.85a31be18614bcf4.js", 404:""


handleUnknownRoute: "/id/scripts.5082b8320b33a294.js", 404:""handleUnknownRoute: "/id/runtime.4a2a35437efa0b52.js", 404:""

handleUnknownRoute: "/id/polyfills.440c58f4d28be425.js", 404:""handleUnknownRoute: "/id/styles.30c122df8e49c4b2.css", 404:""

handleUnknownRoute: "/id/main.85a31be18614bcf4.js", 404:""handleUnknownRoute: "/id/scripts.5082b8320b33a294.js", 404:""

handleUnknownRoute: "/id/runtime.4a2a35437efa0b52.js", 404:""handleUnknownRoute: "/id/polyfills.440c58f4d28be425.js", 404:""

handleUnknownRoute: "/id/styles.30c122df8e49c4b2.css", 404:""handleUnknownRoute: "/id/main.85a31be18614bcf4.js", 404:""

handleUnknownRoute: "/id/scripts.5082b8320b33a294.js", 404:""handleUnknownRoute: "/id/runtime.4a2a35437efa0b52.js", 404:""

handleUnknownRoute: "/id/polyfills.440c58f4d28be425.js", 404:""handleUnknownRoute: "/id/styles.30c122df8e49c4b2.css", 404:""

handleUnknownRoute: "/id/scripts.5082b8320b33a294.js", 404:""handleUnknownRoute: "/id/main.85a31be18614bcf4.js", 404:""

handleUnknownRoute: "/id/runtime.4a2a35437efa0b52.js", 404:""handleUnknownRoute: "/id/polyfills.440c58f4d28be425.js", 404:""handleUnknownRoute: "/id/styles.30c122df8e49c4b2.css", 404:""

handleUnknownRoute: "/id/main.85a31be18614bcf4.js", 404:""handleUnknownRoute: "/id/scripts.5082b8320b33a294.js", 404:""

handleUnknownRoute: "/id/runtime.4a2a35437efa0b52.js", 404:""handleUnknownRoute: "/id/polyfills.440c58f4d28be425.js", 404:""


handleUnknownRoute: "/id/styles.30c122df8e49c4b2.css", 404:""handleUnknownRoute: "/id/main.85a31be18614bcf4.js", 404:""
handleUnknownRoute: "/id/scripts.5082b8320b33a294.js", 404:""handleUnknownRoute: "/id/runtime.4a2a35437efa0b52.js", 404:""


handleUnknownRoute: "/id/polyfills.440c58f4d28be425.js", 404:""handleUnknownRoute: "/id/styles.30c122df8e49c4b2.css", 404:""
handleUnknownRoute: "/id/main.85a31be18614bcf4.js", 404:""handleUnknownRoute: "/id/scripts.5082b8320b33a294.js", 404:""

handleUnknownRoute: "/id/runtime.4a2a35437efa0b52.js", 404:""handleUnknownRoute: "/id/polyfills.440c58f4d28be425.js", 404:""


handleUnknownRoute: "/id/styles.30c122df8e49c4b2.css", 404:""handleUnknownRoute: "/id/main.85a31be18614bcf4.js", 404:""

handleUnknownRoute: "/id/scripts.5082b8320b33a294.js", 404:""handleUnknownRoute: "/id/runtime.4a2a35437efa0b52.js", 404:""

handleUnknownRoute: "/id/polyfills.440c58f4d28be425.js", 404:""handleUnknownRoute: "/id/styles.30c122df8e49c4b2.css", 404:""

handleUnknownRoute: "/id/main.85a31be18614bcf4.js", 404:""handleUnknownRoute: "/id/scripts.5082b8320b33a294.js", 404:""


handleUnknownRoute: "/id/styles.30c122df8e49c4b2.css", 404:""



Folder "./scully" doesn't seem to contain custom pluginsUsing deprecated plugin type:"render"  use "postProcessByHtml" instead Deprication Notice:
       ======================================================================
         From now on, the plugin that is being used to render a route is
         able to be changed by the user. You can do this by adding or
         enabling the plugin in the scully.json file. For your convenience,
         we loaded the Puppeteer plugin for you.

         To disable this warning enable the plugin of your choice.
         for Puppteer please add:
             import '@scullyio/scully-plugin-puppeteer';
          to your scully.alpha-konstruksi-nusantara-web.config.ts file.

          When you get this warning while not using scully-plugin-puppeteer
          you need to set the defaultRouteRenderer to the name of your plugin.
          The defaultRouteRenderer is now set to 'routeRenderer'.
       ======================================================================


----------------------------------Using stored unhandled routes!.----------------------------------   To discover new routes in the angular app use "npm run scully -- --scanRoutes"



handleUnknownRoute: "/id/runtime.4a2a35437efa0b52.js", 404:""handleUnknownRoute: "/id/polyfills.440c58f4d28be425.js", 404:""handleUnknownRoute: "/id/main.85a31be18614bcf4.js", 404:""handleUnknownRoute: "/id/scripts.5082b8320b33a294.js", 404:""handleUnknownRoute: "/id/styles.30c122df8e49c4b2.css", 404:""
handleUnknownRoute: "/id/runtime.4a2a35437efa0b52.js", 404:""handleUnknownRoute: "/id/polyfills.440c58f4d28be425.js", 404:""

handleUnknownRoute: "/id/main.85a31be18614bcf4.js", 404:""handleUnknownRoute: "/id/scripts.5082b8320b33a294.js", 404:""

handleUnknownRoute: "/id/styles.30c122df8e49c4b2.css", 404:""handleUnknownRoute: "/id/runtime.4a2a35437efa0b52.js", 404:""handleUnknownRoute: "/id/polyfills.440c58f4d28be425.js", 404:""

handleUnknownRoute: "/id/main.85a31be18614bcf4.js", 404:""handleUnknownRoute: "/id/scripts.5082b8320b33a294.js", 404:""

handleUnknownRoute: "/id/styles.30c122df8e49c4b2.css", 404:""handleUnknownRoute: "/id/polyfills.440c58f4d28be425.js", 404:""handleUnknownRoute: "/id/runtime.4a2a35437efa0b52.js", 404:""


handleUnknownRoute: "/id/main.85a31be18614bcf4.js", 404:""handleUnknownRoute: "/id/scripts.5082b8320b33a294.js", 404:""

handleUnknownRoute: "/id/styles.30c122df8e49c4b2.css", 404:""handleUnknownRoute: "/id/runtime.4a2a35437efa0b52.js", 404:""


handleUnknownRoute: "/id/polyfills.440c58f4d28be425.js", 404:""handleUnknownRoute: "/id/main.85a31be18614bcf4.js", 404:""
handleUnknownRoute: "/id/scripts.5082b8320b33a294.js", 404:""handleUnknownRoute: "/id/styles.30c122df8e49c4b2.css", 404:""


handleUnknownRoute: "/id/runtime.4a2a35437efa0b52.js", 404:""handleUnknownRoute: "/id/polyfills.440c58f4d28be425.js", 404:""

handleUnknownRoute: "/id/main.85a31be18614bcf4.js", 404:""handleUnknownRoute: "/id/scripts.5082b8320b33a294.js", 404:""

handleUnknownRoute: "/id/runtime.4a2a35437efa0b52.js", 404:""handleUnknownRoute: "/id/styles.30c122df8e49c4b2.css", 404:""

handleUnknownRoute: "/id/polyfills.440c58f4d28be425.js", 404:""handleUnknownRoute: "/id/main.85a31be18614bcf4.js", 404:""

handleUnknownRoute: "/id/scripts.5082b8320b33a294.js", 404:""handleUnknownRoute: "/id/styles.30c122df8e49c4b2.css", 404:""

handleUnknownRoute: "/id/runtime.4a2a35437efa0b52.js", 404:""handleUnknownRoute: "/id/polyfills.440c58f4d28be425.js", 404:""

handleUnknownRoute: "/id/main.85a31be18614bcf4.js", 404:""handleUnknownRoute: "/id/scripts.5082b8320b33a294.js", 404:""

handleUnknownRoute: "/id/styles.30c122df8e49c4b2.css", 404:""handleUnknownRoute: "/id/runtime.4a2a35437efa0b52.js", 404:""handleUnknownRoute: "/id/polyfills.440c58f4d28be425.js", 404:""

handleUnknownRoute: "/id/main.85a31be18614bcf4.js", 404:""handleUnknownRoute: "/id/scripts.5082b8320b33a294.js", 404:""

handleUnknownRoute: "/id/styles.30c122df8e49c4b2.css", 404:""handleUnknownRoute: "/id/runtime.4a2a35437efa0b52.js", 404:""


handleUnknownRoute: "/id/main.85a31be18614bcf4.js", 404:""handleUnknownRoute: "/id/polyfills.440c58f4d28be425.js", 404:""

handleUnknownRoute: "/id/scripts.5082b8320b33a294.js", 404:""handleUnknownRoute: "/id/styles.30c122df8e49c4b2.css", 404:""

handleUnknownRoute: "/id/runtime.4a2a35437efa0b52.js", 404:""handleUnknownRoute: "/id/polyfills.440c58f4d28be425.js", 404:""handleUnknownRoute: "/id/main.85a31be18614bcf4.js", 404:""

handleUnknownRoute: "/id/scripts.5082b8320b33a294.js", 404:""handleUnknownRoute: "/id/styles.30c122df8e49c4b2.css", 404:""

handleUnknownRoute: "/id/runtime.4a2a35437efa0b52.js", 404:""handleUnknownRoute: "/id/polyfills.440c58f4d28be425.js", 404:""


handleUnknownRoute: "/id/scripts.5082b8320b33a294.js", 404:""handleUnknownRoute: "/id/main.85a31be18614bcf4.js", 404:""

handleUnknownRoute: "/id/styles.30c122df8e49c4b2.css", 404:""handleUnknownRoute: "/id/runtime.4a2a35437efa0b52.js", 404:""

handleUnknownRoute: "/id/polyfills.440c58f4d28be425.js", 404:""handleUnknownRoute: "/id/main.85a31be18614bcf4.js", 404:""

handleUnknownRoute: "/id/scripts.5082b8320b33a294.js", 404:""handleUnknownRoute: "/id/styles.30c122df8e49c4b2.css", 404:""





Folder "./scully" doesn't seem to contain custom pluginsUsing deprecated plugin type:"render"  use "postProcessByHtml" instead Deprication Notice:
       ======================================================================
         From now on, the plugin that is being used to render a route is
         able to be changed by the user. You can do this by adding or
         enabling the plugin in the scully.json file. For your convenience,
         we loaded the Puppeteer plugin for you.

         To disable this warning enable the plugin of your choice.
         for Puppteer please add:
             import '@scullyio/scully-plugin-puppeteer';
          to your scully.alpha-konstruksi-nusantara-web.config.ts file.

          When you get this warning while not using scully-plugin-puppeteer
          you need to set the defaultRouteRenderer to the name of your plugin.
          The defaultRouteRenderer is now set to 'routeRenderer'.
       ======================================================================


----------------------------------Using stored unhandled routes!.----------------------------------   To discover new routes in the angular app use "npm run scully -- --scanRoutes"



handleUnknownRoute: "/id/runtime.4a2a35437efa0b52.js", 404:""handleUnknownRoute: "/id/polyfills.440c58f4d28be425.js", 404:""handleUnknownRoute: "/id/main.85a31be18614bcf4.js", 404:""
handleUnknownRoute: "/id/scripts.5082b8320b33a294.js", 404:""handleUnknownRoute: "/id/runtime.4a2a35437efa0b52.js", 404:""handleUnknownRoute: "/id/polyfills.440c58f4d28be425.js", 404:""

handleUnknownRoute: "/id/main.85a31be18614bcf4.js", 404:""handleUnknownRoute: "/id/styles.30c122df8e49c4b2.css", 404:""handleUnknownRoute: "/id/runtime.4a2a35437efa0b52.js", 404:""handleUnknownRoute: "/id/scripts.5082b8320b33a294.js", 404:""


handleUnknownRoute: "/id/polyfills.440c58f4d28be425.js", 404:""handleUnknownRoute: "/id/main.85a31be18614bcf4.js", 404:""handleUnknownRoute: "/id/styles.30c122df8e49c4b2.css", 404:""


handleUnknownRoute: "/id/runtime.4a2a35437efa0b52.js", 404:""handleUnknownRoute: "/id/scripts.5082b8320b33a294.js", 404:""
handleUnknownRoute: "/id/polyfills.440c58f4d28be425.js", 404:""handleUnknownRoute: "/id/main.85a31be18614bcf4.js", 404:""


handleUnknownRoute: "/id/styles.30c122df8e49c4b2.css", 404:""handleUnknownRoute: "/id/runtime.4a2a35437efa0b52.js", 404:""

handleUnknownRoute: "/id/scripts.5082b8320b33a294.js", 404:""handleUnknownRoute: "/id/polyfills.440c58f4d28be425.js", 404:""

handleUnknownRoute: "/id/main.85a31be18614bcf4.js", 404:""handleUnknownRoute: "/id/styles.30c122df8e49c4b2.css", 404:""

handleUnknownRoute: "/id/scripts.5082b8320b33a294.js", 404:""handleUnknownRoute: "/id/runtime.4a2a35437efa0b52.js", 404:""

handleUnknownRoute: "/id/polyfills.440c58f4d28be425.js", 404:""handleUnknownRoute: "/id/main.85a31be18614bcf4.js", 404:""handleUnknownRoute: "/id/styles.30c122df8e49c4b2.css", 404:""

handleUnknownRoute: "/id/runtime.4a2a35437efa0b52.js", 404:""

handleUnknownRoute: "/id/scripts.5082b8320b33a294.js", 404:""handleUnknownRoute: "/id/polyfills.440c58f4d28be425.js", 404:""handleUnknownRoute: "/id/main.85a31be18614bcf4.js", 404:""


handleUnknownRoute: "/id/styles.30c122df8e49c4b2.css", 404:""handleUnknownRoute: "/id/runtime.4a2a35437efa0b52.js", 404:""handleUnknownRoute: "/id/scripts.5082b8320b33a294.js", 404:""handleUnknownRoute: "/id/polyfills.440c58f4d28be425.js", 404:""



handleUnknownRoute: "/id/main.85a31be18614bcf4.js", 404:""handleUnknownRoute: "/id/styles.30c122df8e49c4b2.css", 404:""
handleUnknownRoute: "/id/runtime.4a2a35437efa0b52.js", 404:""handleUnknownRoute: "/id/scripts.5082b8320b33a294.js", 404:""

handleUnknownRoute: "/id/polyfills.440c58f4d28be425.js", 404:""
handleUnknownRoute: "/id/main.85a31be18614bcf4.js", 404:""handleUnknownRoute: "/id/styles.30c122df8e49c4b2.css", 404:""

handleUnknownRoute: "/id/runtime.4a2a35437efa0b52.js", 404:""handleUnknownRoute: "/id/scripts.5082b8320b33a294.js", 404:""
handleUnknownRoute: "/id/polyfills.440c58f4d28be425.js", 404:""
handleUnknownRoute: "/id/main.85a31be18614bcf4.js", 404:""handleUnknownRoute: "/id/styles.30c122df8e49c4b2.css", 404:""


handleUnknownRoute: "/id/runtime.4a2a35437efa0b52.js", 404:""

handleUnknownRoute: "/id/polyfills.440c58f4d28be425.js", 404:""handleUnknownRoute: "/id/scripts.5082b8320b33a294.js", 404:""handleUnknownRoute: "/id/main.85a31be18614bcf4.js", 404:""


handleUnknownRoute: "/id/styles.30c122df8e49c4b2.css", 404:""handleUnknownRoute: "/id/runtime.4a2a35437efa0b52.js", 404:""
handleUnknownRoute: "/id/scripts.5082b8320b33a294.js", 404:""handleUnknownRoute: "/id/polyfills.440c58f4d28be425.js", 404:""handleUnknownRoute: "/id/main.85a31be18614bcf4.js", 404:""


handleUnknownRoute: "/id/styles.30c122df8e49c4b2.css", 404:""handleUnknownRoute: "/id/runtime.4a2a35437efa0b52.js", 404:""

handleUnknownRoute: "/id/scripts.5082b8320b33a294.js", 404:""handleUnknownRoute: "/id/polyfills.440c58f4d28be425.js", 404:""

handleUnknownRoute: "/id/main.85a31be18614bcf4.js", 404:""handleUnknownRoute: "/id/styles.30c122df8e49c4b2.css", 404:""


handleUnknownRoute: "/id/scripts.5082b8320b33a294.js", 404:""


handleUnknownRoute: "/id/styles.30c122df8e49c4b2.css", 404:""


handleUnknownRoute: "/id/favicon.ico", 404:""
handleUnknownRoute: "/id/favicon.ico", 404:""
handleUnknownRoute: "/id/favicon.ico", 404:""
handleUnknownRoute: "/id/favicon.ico", 404:""
handleUnknownRoute: "/id/favicon.ico", 404:""
handleUnknownRoute: "/id/favicon.ico", 404:""
handleUnknownRoute: "/id/favicon.ico", 404:""
handleUnknownRoute: "/id/favicon.ico", 404:""
handleUnknownRoute: "/id/favicon.ico", 404:""
handleUnknownRoute: "/id/favicon.ico", 404:""
handleUnknownRoute: "/id/runtime.4a2a35437efa0b52.js", 404:""handleUnknownRoute: "/id/polyfills.440c58f4d28be425.js", 404:""handleUnknownRoute: "/id/main.85a31be18614bcf4.js", 404:""

handleUnknownRoute: "/id/scripts.5082b8320b33a294.js", 404:""
handleUnknownRoute: "/id/styles.30c122df8e49c4b2.css", 404:""

handleUnknownRoute: "/id/runtime.4a2a35437efa0b52.js", 404:""handleUnknownRoute: "/id/polyfills.440c58f4d28be425.js", 404:""handleUnknownRoute: "/id/main.85a31be18614bcf4.js", 404:""
handleUnknownRoute: "/id/scripts.5082b8320b33a294.js", 404:""

handleUnknownRoute: "/id/styles.30c122df8e49c4b2.css", 404:""

Folder "./scully" doesn't seem to contain custom pluginsUsing deprecated plugin type:"render"  use "postProcessByHtml" instead Deprication Notice:
       ======================================================================
         From now on, the plugin that is being used to render a route is
         able to be changed by the user. You can do this by adding or
         enabling the plugin in the scully.json file. For your convenience,
         we loaded the Puppeteer plugin for you.

         To disable this warning enable the plugin of your choice.
         for Puppteer please add:
             import '@scullyio/scully-plugin-puppeteer';
          to your scully.alpha-konstruksi-nusantara-web.config.ts file.

          When you get this warning while not using scully-plugin-puppeteer
          you need to set the defaultRouteRenderer to the name of your plugin.
          The defaultRouteRenderer is now set to 'routeRenderer'.
       ======================================================================


----------------------------------Using stored unhandled routes!.----------------------------------   To discover new routes in the angular app use "npm run scully -- --scanRoutes"



handleUnknownRoute: "/id/runtime.4a2a35437efa0b52.js", 404:""handleUnknownRoute: "/id/polyfills.440c58f4d28be425.js", 404:""handleUnknownRoute: "/id/main.85a31be18614bcf4.js", 404:""
handleUnknownRoute: "/id/runtime.4a2a35437efa0b52.js", 404:""handleUnknownRoute: "/id/scripts.5082b8320b33a294.js", 404:""handleUnknownRoute: "/id/styles.30c122df8e49c4b2.css", 404:""handleUnknownRoute: "/id/polyfills.440c58f4d28be425.js", 404:""handleUnknownRoute: "/id/main.85a31be18614bcf4.js", 404:""

handleUnknownRoute: "/id/runtime.4a2a35437efa0b52.js", 404:""handleUnknownRoute: "/id/scripts.5082b8320b33a294.js", 404:""

handleUnknownRoute: "/id/polyfills.440c58f4d28be425.js", 404:""handleUnknownRoute: "/id/styles.30c122df8e49c4b2.css", 404:""


handleUnknownRoute: "/id/main.85a31be18614bcf4.js", 404:""handleUnknownRoute: "/id/runtime.4a2a35437efa0b52.js", 404:""handleUnknownRoute: "/id/scripts.5082b8320b33a294.js", 404:""

handleUnknownRoute: "/id/polyfills.440c58f4d28be425.js", 404:""
handleUnknownRoute: "/id/styles.30c122df8e49c4b2.css", 404:""handleUnknownRoute: "/id/runtime.4a2a35437efa0b52.js", 404:""handleUnknownRoute: "/id/main.85a31be18614bcf4.js", 404:""



handleUnknownRoute: "/id/scripts.5082b8320b33a294.js", 404:""handleUnknownRoute: "/id/polyfills.440c58f4d28be425.js", 404:""
handleUnknownRoute: "/id/styles.30c122df8e49c4b2.css", 404:""handleUnknownRoute: "/id/main.85a31be18614bcf4.js", 404:""handleUnknownRoute: "/id/runtime.4a2a35437efa0b52.js", 404:""


handleUnknownRoute: "/id/scripts.5082b8320b33a294.js", 404:""handleUnknownRoute: "/id/polyfills.440c58f4d28be425.js", 404:""

handleUnknownRoute: "/id/styles.30c122df8e49c4b2.css", 404:""handleUnknownRoute: "/id/main.85a31be18614bcf4.js", 404:""handleUnknownRoute: "/id/runtime.4a2a35437efa0b52.js", 404:""


handleUnknownRoute: "/id/scripts.5082b8320b33a294.js", 404:""

handleUnknownRoute: "/id/styles.30c122df8e49c4b2.css", 404:""handleUnknownRoute: "/id/polyfills.440c58f4d28be425.js", 404:""

handleUnknownRoute: "/id/main.85a31be18614bcf4.js", 404:""handleUnknownRoute: "/id/runtime.4a2a35437efa0b52.js", 404:""

handleUnknownRoute: "/id/scripts.5082b8320b33a294.js", 404:""handleUnknownRoute: "/id/polyfills.440c58f4d28be425.js", 404:""

handleUnknownRoute: "/id/styles.30c122df8e49c4b2.css", 404:""handleUnknownRoute: "/id/main.85a31be18614bcf4.js", 404:""

handleUnknownRoute: "/id/runtime.4a2a35437efa0b52.js", 404:""handleUnknownRoute: "/id/scripts.5082b8320b33a294.js", 404:""

handleUnknownRoute: "/id/polyfills.440c58f4d28be425.js", 404:""handleUnknownRoute: "/id/styles.30c122df8e49c4b2.css", 404:""handleUnknownRoute: "/id/main.85a31be18614bcf4.js", 404:""

handleUnknownRoute: "/id/runtime.4a2a35437efa0b52.js", 404:""handleUnknownRoute: "/id/scripts.5082b8320b33a294.js", 404:""

handleUnknownRoute: "/id/polyfills.440c58f4d28be425.js", 404:""handleUnknownRoute: "/id/styles.30c122df8e49c4b2.css", 404:""


handleUnknownRoute: "/id/main.85a31be18614bcf4.js", 404:""handleUnknownRoute: "/id/runtime.4a2a35437efa0b52.js", 404:""handleUnknownRoute: "/id/scripts.5082b8320b33a294.js", 404:""

handleUnknownRoute: "/id/polyfills.440c58f4d28be425.js", 404:""handleUnknownRoute: "/id/styles.30c122df8e49c4b2.css", 404:""

handleUnknownRoute: "/id/main.85a31be18614bcf4.js", 404:""handleUnknownRoute: "/id/runtime.4a2a35437efa0b52.js", 404:""


handleUnknownRoute: "/id/scripts.5082b8320b33a294.js", 404:""handleUnknownRoute: "/id/favicon.ico", 404:""handleUnknownRoute: "/id/polyfills.440c58f4d28be425.js", 404:""handleUnknownRoute: "/id/styles.30c122df8e49c4b2.css", 404:""

handleUnknownRoute: "/id/main.85a31be18614bcf4.js", 404:""handleUnknownRoute: "/id/runtime.4a2a35437efa0b52.js", 404:""

handleUnknownRoute: "/id/scripts.5082b8320b33a294.js", 404:""handleUnknownRoute: "/id/polyfills.440c58f4d28be425.js", 404:""handleUnknownRoute: "/id/favicon.ico", 404:""



handleUnknownRoute: "/id/styles.30c122df8e49c4b2.css", 404:""handleUnknownRoute: "/id/main.85a31be18614bcf4.js", 404:""

handleUnknownRoute: "/id/scripts.5082b8320b33a294.js", 404:""


handleUnknownRoute: "/id/styles.30c122df8e49c4b2.css", 404:""handleUnknownRoute: "/id/favicon.ico", 404:""


handleUnknownRoute: "/id/favicon.ico", 404:""


handleUnknownRoute: "/id/favicon.ico", 404:""
Folder "./scully" doesn't seem to contain custom pluginsUsing deprecated plugin type:"render"  use "postProcessByHtml" instead Deprication Notice:
       ======================================================================
         From now on, the plugin that is being used to render a route is
         able to be changed by the user. You can do this by adding or
         enabling the plugin in the scully.json file. For your convenience,
         we loaded the Puppeteer plugin for you.

         To disable this warning enable the plugin of your choice.
         for Puppteer please add:
             import '@scullyio/scully-plugin-puppeteer';
          to your scully.alpha-konstruksi-nusantara-web.config.ts file.

          When you get this warning while not using scully-plugin-puppeteer
          you need to set the defaultRouteRenderer to the name of your plugin.
          The defaultRouteRenderer is now set to 'routeRenderer'.
       ======================================================================


----------------------------------   To discover new routes in the angular app use "npm run scully -- --scanRoutes"Using stored unhandled routes!.----------------------------------



handleUnknownRoute: "/id/runtime.4a2a35437efa0b52.js", 404:""handleUnknownRoute: "/id/polyfills.440c58f4d28be425.js", 404:""handleUnknownRoute: "/id/main.85a31be18614bcf4.js", 404:""handleUnknownRoute: "/id/runtime.4a2a35437efa0b52.js", 404:""
handleUnknownRoute: "/id/scripts.5082b8320b33a294.js", 404:""handleUnknownRoute: "/id/styles.30c122df8e49c4b2.css", 404:""handleUnknownRoute: "/id/polyfills.440c58f4d28be425.js", 404:""handleUnknownRoute: "/id/main.85a31be18614bcf4.js", 404:""

handleUnknownRoute: "/id/runtime.4a2a35437efa0b52.js", 404:""
handleUnknownRoute: "/id/scripts.5082b8320b33a294.js", 404:""handleUnknownRoute: "/id/polyfills.440c58f4d28be425.js", 404:""handleUnknownRoute: "/id/styles.30c122df8e49c4b2.css", 404:""handleUnknownRoute: "/id/main.85a31be18614bcf4.js", 404:""



handleUnknownRoute: "/id/runtime.4a2a35437efa0b52.js", 404:""
handleUnknownRoute: "/id/styles.30c122df8e49c4b2.css", 404:""handleUnknownRoute: "/id/scripts.5082b8320b33a294.js", 404:""


handleUnknownRoute: "/id/polyfills.440c58f4d28be425.js", 404:""handleUnknownRoute: "/id/main.85a31be18614bcf4.js", 404:""handleUnknownRoute: "/id/runtime.4a2a35437efa0b52.js", 404:""

handleUnknownRoute: "/id/scripts.5082b8320b33a294.js", 404:""

handleUnknownRoute: "/id/polyfills.440c58f4d28be425.js", 404:""handleUnknownRoute: "/id/styles.30c122df8e49c4b2.css", 404:""handleUnknownRoute: "/id/main.85a31be18614bcf4.js", 404:""


handleUnknownRoute: "/id/runtime.4a2a35437efa0b52.js", 404:""handleUnknownRoute: "/id/scripts.5082b8320b33a294.js", 404:""
handleUnknownRoute: "/id/polyfills.440c58f4d28be425.js", 404:""handleUnknownRoute: "/id/styles.30c122df8e49c4b2.css", 404:""


handleUnknownRoute: "/id/main.85a31be18614bcf4.js", 404:""handleUnknownRoute: "/id/runtime.4a2a35437efa0b52.js", 404:""
handleUnknownRoute: "/id/scripts.5082b8320b33a294.js", 404:""handleUnknownRoute: "/id/polyfills.440c58f4d28be425.js", 404:""


handleUnknownRoute: "/id/styles.30c122df8e49c4b2.css", 404:""handleUnknownRoute: "/id/main.85a31be18614bcf4.js", 404:""handleUnknownRoute: "/id/runtime.4a2a35437efa0b52.js", 404:""

handleUnknownRoute: "/id/scripts.5082b8320b33a294.js", 404:""handleUnknownRoute: "/id/polyfills.440c58f4d28be425.js", 404:""

handleUnknownRoute: "/id/styles.30c122df8e49c4b2.css", 404:""handleUnknownRoute: "/id/main.85a31be18614bcf4.js", 404:""


handleUnknownRoute: "/id/runtime.4a2a35437efa0b52.js", 404:""handleUnknownRoute: "/id/scripts.5082b8320b33a294.js", 404:""handleUnknownRoute: "/id/polyfills.440c58f4d28be425.js", 404:""

handleUnknownRoute: "/id/styles.30c122df8e49c4b2.css", 404:""handleUnknownRoute: "/id/main.85a31be18614bcf4.js", 404:""

handleUnknownRoute: "/id/runtime.4a2a35437efa0b52.js", 404:""handleUnknownRoute: "/id/scripts.5082b8320b33a294.js", 404:""


handleUnknownRoute: "/id/polyfills.440c58f4d28be425.js", 404:""handleUnknownRoute: "/id/styles.30c122df8e49c4b2.css", 404:""handleUnknownRoute: "/id/main.85a31be18614bcf4.js", 404:""

handleUnknownRoute: "/id/runtime.4a2a35437efa0b52.js", 404:""handleUnknownRoute: "/id/scripts.5082b8320b33a294.js", 404:""

handleUnknownRoute: "/id/polyfills.440c58f4d28be425.js", 404:""handleUnknownRoute: "/id/styles.30c122df8e49c4b2.css", 404:""handleUnknownRoute: "/id/main.85a31be18614bcf4.js", 404:""


handleUnknownRoute: "/id/runtime.4a2a35437efa0b52.js", 404:""
handleUnknownRoute: "/id/scripts.5082b8320b33a294.js", 404:""handleUnknownRoute: "/id/polyfills.440c58f4d28be425.js", 404:""handleUnknownRoute: "/id/styles.30c122df8e49c4b2.css", 404:""



handleUnknownRoute: "/id/main.85a31be18614bcf4.js", 404:""handleUnknownRoute: "/id/runtime.4a2a35437efa0b52.js", 404:""
handleUnknownRoute: "/id/scripts.5082b8320b33a294.js", 404:""handleUnknownRoute: "/id/polyfills.440c58f4d28be425.js", 404:""


handleUnknownRoute: "/id/styles.30c122df8e49c4b2.css", 404:""handleUnknownRoute: "/id/main.85a31be18614bcf4.js", 404:""
handleUnknownRoute: "/id/scripts.5082b8320b33a294.js", 404:""


handleUnknownRoute: "/id/styles.30c122df8e49c4b2.css", 404:""



handleUnknownRoute: "/id/favicon.ico", 404:""
handleUnknownRoute: "/id/favicon.ico", 404:""
handleUnknownRoute: "/id/favicon.ico", 404:""
handleUnknownRoute: "/id/favicon.ico", 404:""
handleUnknownRoute: "/id/favicon.ico", 404:""
handleUnknownRoute: "/id/favicon.ico", 404:""
handleUnknownRoute: "/id/favicon.ico", 404:""
Folder "./scully" doesn't seem to contain custom pluginsUsing deprecated plugin type:"render"  use "postProcessByHtml" instead Deprication Notice:
       ======================================================================
         From now on, the plugin that is being used to render a route is
         able to be changed by the user. You can do this by adding or
         enabling the plugin in the scully.json file. For your convenience,
         we loaded the Puppeteer plugin for you.

         To disable this warning enable the plugin of your choice.
         for Puppteer please add:
             import '@scullyio/scully-plugin-puppeteer';
          to your scully.alpha-konstruksi-nusantara-web.config.ts file.

          When you get this warning while not using scully-plugin-puppeteer
          you need to set the defaultRouteRenderer to the name of your plugin.
          The defaultRouteRenderer is now set to 'routeRenderer'.
       ======================================================================


----------------------------------   To discover new routes in the angular app use "npm run scully -- --scanRoutes"Using stored unhandled routes!.----------------------------------



handleUnknownRoute: "/id/runtime.4a2a35437efa0b52.js", 404:""handleUnknownRoute: "/id/polyfills.440c58f4d28be425.js", 404:""handleUnknownRoute: "/id/main.85a31be18614bcf4.js", 404:""handleUnknownRoute: "/id/scripts.5082b8320b33a294.js", 404:""handleUnknownRoute: "/id/styles.30c122df8e49c4b2.css", 404:""
handleUnknownRoute: "/id/runtime.4a2a35437efa0b52.js", 404:""handleUnknownRoute: "/id/polyfills.440c58f4d28be425.js", 404:""

handleUnknownRoute: "/id/scripts.5082b8320b33a294.js", 404:""handleUnknownRoute: "/id/main.85a31be18614bcf4.js", 404:""handleUnknownRoute: "/id/styles.30c122df8e49c4b2.css", 404:""

handleUnknownRoute: "/id/runtime.4a2a35437efa0b52.js", 404:""handleUnknownRoute: "/id/polyfills.440c58f4d28be425.js", 404:""

handleUnknownRoute: "/id/main.85a31be18614bcf4.js", 404:""handleUnknownRoute: "/id/scripts.5082b8320b33a294.js", 404:""

handleUnknownRoute: "/id/styles.30c122df8e49c4b2.css", 404:""handleUnknownRoute: "/id/runtime.4a2a35437efa0b52.js", 404:""
handleUnknownRoute: "/id/polyfills.440c58f4d28be425.js", 404:""

handleUnknownRoute: "/id/scripts.5082b8320b33a294.js", 404:""handleUnknownRoute: "/id/main.85a31be18614bcf4.js", 404:""

handleUnknownRoute: "/id/styles.30c122df8e49c4b2.css", 404:""handleUnknownRoute: "/id/runtime.4a2a35437efa0b52.js", 404:""


handleUnknownRoute: "/id/main.85a31be18614bcf4.js", 404:""handleUnknownRoute: "/id/scripts.5082b8320b33a294.js", 404:""handleUnknownRoute: "/id/polyfills.440c58f4d28be425.js", 404:""

handleUnknownRoute: "/id/styles.30c122df8e49c4b2.css", 404:""handleUnknownRoute: "/id/runtime.4a2a35437efa0b52.js", 404:""

handleUnknownRoute: "/id/polyfills.440c58f4d28be425.js", 404:""handleUnknownRoute: "/id/main.85a31be18614bcf4.js", 404:""



handleUnknownRoute: "/id/runtime.4a2a35437efa0b52.js", 404:""handleUnknownRoute: "/id/scripts.5082b8320b33a294.js", 404:""handleUnknownRoute: "/id/polyfills.440c58f4d28be425.js", 404:""handleUnknownRoute: "/id/styles.30c122df8e49c4b2.css", 404:""


handleUnknownRoute: "/id/main.85a31be18614bcf4.js", 404:""handleUnknownRoute: "/id/runtime.4a2a35437efa0b52.js", 404:""handleUnknownRoute: "/id/scripts.5082b8320b33a294.js", 404:""handleUnknownRoute: "/id/polyfills.440c58f4d28be425.js", 404:""



handleUnknownRoute: "/id/styles.30c122df8e49c4b2.css", 404:""handleUnknownRoute: "/id/main.85a31be18614bcf4.js", 404:""handleUnknownRoute: "/id/runtime.4a2a35437efa0b52.js", 404:""


handleUnknownRoute: "/id/scripts.5082b8320b33a294.js", 404:""handleUnknownRoute: "/id/polyfills.440c58f4d28be425.js", 404:""

handleUnknownRoute: "/id/styles.30c122df8e49c4b2.css", 404:""handleUnknownRoute: "/id/main.85a31be18614bcf4.js", 404:""

handleUnknownRoute: "/id/runtime.4a2a35437efa0b52.js", 404:""handleUnknownRoute: "/id/scripts.5082b8320b33a294.js", 404:""

handleUnknownRoute: "/id/polyfills.440c58f4d28be425.js", 404:""handleUnknownRoute: "/id/styles.30c122df8e49c4b2.css", 404:""

handleUnknownRoute: "/id/main.85a31be18614bcf4.js", 404:""handleUnknownRoute: "/id/scripts.5082b8320b33a294.js", 404:""handleUnknownRoute: "/id/runtime.4a2a35437efa0b52.js", 404:""

handleUnknownRoute: "/id/polyfills.440c58f4d28be425.js", 404:""handleUnknownRoute: "/id/styles.30c122df8e49c4b2.css", 404:""

handleUnknownRoute: "/id/main.85a31be18614bcf4.js", 404:""handleUnknownRoute: "/id/runtime.4a2a35437efa0b52.js", 404:""handleUnknownRoute: "/id/scripts.5082b8320b33a294.js", 404:""


handleUnknownRoute: "/id/polyfills.440c58f4d28be425.js", 404:""handleUnknownRoute: "/id/styles.30c122df8e49c4b2.css", 404:""

handleUnknownRoute: "/id/main.85a31be18614bcf4.js", 404:""handleUnknownRoute: "/id/runtime.4a2a35437efa0b52.js", 404:""


handleUnknownRoute: "/id/scripts.5082b8320b33a294.js", 404:""handleUnknownRoute: "/id/polyfills.440c58f4d28be425.js", 404:""
handleUnknownRoute: "/id/main.85a31be18614bcf4.js", 404:""handleUnknownRoute: "/id/styles.30c122df8e49c4b2.css", 404:""



handleUnknownRoute: "/id/scripts.5082b8320b33a294.js", 404:""handleUnknownRoute: "/id/styles.30c122df8e49c4b2.css", 404:""




handleUnknownRoute: "/id/favicon.ico", 404:""
handleUnknownRoute: "/id/favicon.ico", 404:""
handleUnknownRoute: "/id/favicon.ico", 404:""
handleUnknownRoute: "/id/favicon.ico", 404:""
handleUnknownRoute: "/id/favicon.ico", 404:""
handleUnknownRoute: "/id/favicon.ico", 404:""
handleUnknownRoute: "/id/favicon.ico", 404:""
handleUnknownRoute: "/id/favicon.ico", 404:""
handleUnknownRoute: "/id/runtime.4a2a35437efa0b52.js", 404:""handleUnknownRoute: "/id/polyfills.440c58f4d28be425.js", 404:""handleUnknownRoute: "/id/main.85a31be18614bcf4.js", 404:""


handleUnknownRoute: "/id/scripts.5082b8320b33a294.js", 404:""handleUnknownRoute: "/id/styles.30c122df8e49c4b2.css", 404:""

Folder "./scully" doesn't seem to contain custom pluginsUsing deprecated plugin type:"render"  use "postProcessByHtml" instead Deprication Notice:
       ======================================================================
         From now on, the plugin that is being used to render a route is
         able to be changed by the user. You can do this by adding or
         enabling the plugin in the scully.json file. For your convenience,
         we loaded the Puppeteer plugin for you.

         To disable this warning enable the plugin of your choice.
         for Puppteer please add:
             import '@scullyio/scully-plugin-puppeteer';
          to your scully.alpha-konstruksi-nusantara-web.config.ts file.

          When you get this warning while not using scully-plugin-puppeteer
          you need to set the defaultRouteRenderer to the name of your plugin.
          The defaultRouteRenderer is now set to 'routeRenderer'.
       ======================================================================


----------------------------------Using stored unhandled routes!.----------------------------------   To discover new routes in the angular app use "npm run scully -- --scanRoutes"



handleUnknownRoute: "/id/runtime.4a2a35437efa0b52.js", 404:""handleUnknownRoute: "/id/polyfills.440c58f4d28be425.js", 404:""handleUnknownRoute: "/id/main.85a31be18614bcf4.js", 404:""
handleUnknownRoute: "/id/runtime.4a2a35437efa0b52.js", 404:""
handleUnknownRoute: "/id/scripts.5082b8320b33a294.js", 404:""handleUnknownRoute: "/id/polyfills.440c58f4d28be425.js", 404:""handleUnknownRoute: "/id/main.85a31be18614bcf4.js", 404:""handleUnknownRoute: "/id/styles.30c122df8e49c4b2.css", 404:""handleUnknownRoute: "/id/runtime.4a2a35437efa0b52.js", 404:""

handleUnknownRoute: "/id/scripts.5082b8320b33a294.js", 404:""
handleUnknownRoute: "/id/polyfills.440c58f4d28be425.js", 404:""handleUnknownRoute: "/id/styles.30c122df8e49c4b2.css", 404:""handleUnknownRoute: "/id/main.85a31be18614bcf4.js", 404:""


handleUnknownRoute: "/id/runtime.4a2a35437efa0b52.js", 404:""
handleUnknownRoute: "/id/polyfills.440c58f4d28be425.js", 404:""handleUnknownRoute: "/id/styles.30c122df8e49c4b2.css", 404:""handleUnknownRoute: "/id/scripts.5082b8320b33a294.js", 404:""handleUnknownRoute: "/id/main.85a31be18614bcf4.js", 404:""




handleUnknownRoute: "/id/runtime.4a2a35437efa0b52.js", 404:""handleUnknownRoute: "/id/scripts.5082b8320b33a294.js", 404:""handleUnknownRoute: "/id/polyfills.440c58f4d28be425.js", 404:""



handleUnknownRoute: "/id/styles.30c122df8e49c4b2.css", 404:""handleUnknownRoute: "/id/main.85a31be18614bcf4.js", 404:""handleUnknownRoute: "/id/runtime.4a2a35437efa0b52.js", 404:""handleUnknownRoute: "/id/scripts.5082b8320b33a294.js", 404:""handleUnknownRoute: "/id/polyfills.440c58f4d28be425.js", 404:""


handleUnknownRoute: "/id/styles.30c122df8e49c4b2.css", 404:""

handleUnknownRoute: "/id/main.85a31be18614bcf4.js", 404:""handleUnknownRoute: "/id/runtime.4a2a35437efa0b52.js", 404:""handleUnknownRoute: "/id/scripts.5082b8320b33a294.js", 404:""

handleUnknownRoute: "/id/polyfills.440c58f4d28be425.js", 404:""

handleUnknownRoute: "/id/styles.30c122df8e49c4b2.css", 404:""handleUnknownRoute: "/id/main.85a31be18614bcf4.js", 404:""handleUnknownRoute: "/id/runtime.4a2a35437efa0b52.js", 404:""


handleUnknownRoute: "/id/scripts.5082b8320b33a294.js", 404:""
handleUnknownRoute: "/id/polyfills.440c58f4d28be425.js", 404:""handleUnknownRoute: "/id/styles.30c122df8e49c4b2.css", 404:""handleUnknownRoute: "/id/main.85a31be18614bcf4.js", 404:""


handleUnknownRoute: "/id/runtime.4a2a35437efa0b52.js", 404:""handleUnknownRoute: "/id/scripts.5082b8320b33a294.js", 404:""
handleUnknownRoute: "/id/polyfills.440c58f4d28be425.js", 404:""handleUnknownRoute: "/id/main.85a31be18614bcf4.js", 404:""handleUnknownRoute: "/id/styles.30c122df8e49c4b2.css", 404:""


handleUnknownRoute: "/id/runtime.4a2a35437efa0b52.js", 404:""handleUnknownRoute: "/id/scripts.5082b8320b33a294.js", 404:""

handleUnknownRoute: "/id/polyfills.440c58f4d28be425.js", 404:""handleUnknownRoute: "/id/main.85a31be18614bcf4.js", 404:""handleUnknownRoute: "/id/styles.30c122df8e49c4b2.css", 404:""


handleUnknownRoute: "/id/runtime.4a2a35437efa0b52.js", 404:""
handleUnknownRoute: "/id/scripts.5082b8320b33a294.js", 404:""handleUnknownRoute: "/id/polyfills.440c58f4d28be425.js", 404:""handleUnknownRoute: "/id/styles.30c122df8e49c4b2.css", 404:""



handleUnknownRoute: "/id/main.85a31be18614bcf4.js", 404:""handleUnknownRoute: "/id/runtime.4a2a35437efa0b52.js", 404:""
handleUnknownRoute: "/id/polyfills.440c58f4d28be425.js", 404:""handleUnknownRoute: "/id/scripts.5082b8320b33a294.js", 404:""


handleUnknownRoute: "/id/main.85a31be18614bcf4.js", 404:""handleUnknownRoute: "/id/styles.30c122df8e49c4b2.css", 404:""

handleUnknownRoute: "/id/runtime.4a2a35437efa0b52.js", 404:""handleUnknownRoute: "/id/scripts.5082b8320b33a294.js", 404:""

handleUnknownRoute: "/id/polyfills.440c58f4d28be425.js", 404:""handleUnknownRoute: "/id/styles.30c122df8e49c4b2.css", 404:""handleUnknownRoute: "/id/main.85a31be18614bcf4.js", 404:""

handleUnknownRoute: "/id/scripts.5082b8320b33a294.js", 404:""

handleUnknownRoute: "/id/styles.30c122df8e49c4b2.css", 404:""


handleUnknownRoute: "/id/favicon.ico", 404:""


handleUnknownRoute: "/id/favicon.ico", 404:""
handleUnknownRoute: "/id/favicon.ico", 404:""
handleUnknownRoute: "/id/favicon.ico", 404:""
handleUnknownRoute: "/id/favicon.ico", 404:""
handleUnknownRoute: "/id/favicon.ico", 404:""
handleUnknownRoute: "/id/favicon.ico", 404:""
handleUnknownRoute: "/id/favicon.ico", 404:""
Folder "./scully" doesn't seem to contain custom pluginsUsing deprecated plugin type:"render"  use "postProcessByHtml" instead Deprication Notice:
       ======================================================================
         From now on, the plugin that is being used to render a route is
         able to be changed by the user. You can do this by adding or
         enabling the plugin in the scully.json file. For your convenience,
         we loaded the Puppeteer plugin for you.

         To disable this warning enable the plugin of your choice.
         for Puppteer please add:
             import '@scullyio/scully-plugin-puppeteer';
          to your scully.alpha-konstruksi-nusantara-web.config.ts file.

          When you get this warning while not using scully-plugin-puppeteer
          you need to set the defaultRouteRenderer to the name of your plugin.
          The defaultRouteRenderer is now set to 'routeRenderer'.
       ======================================================================


----------------------------------Using stored unhandled routes!.   To discover new routes in the angular app use "npm run scully -- --scanRoutes"----------------------------------



handleUnknownRoute: "/en/runtime.4a2a35437efa0b52.js", 404:""handleUnknownRoute: "/en/polyfills.440c58f4d28be425.js", 404:""handleUnknownRoute: "/en/main.85a31be18614bcf4.js", 404:""handleUnknownRoute: "/en/scripts.5082b8320b33a294.js", 404:""

handleUnknownRoute: "/en/styles.30c122df8e49c4b2.css", 404:""


handleUnknownRoute: "/en/favicon.ico", 404:""
Folder "./scully" doesn't seem to contain custom pluginsUsing deprecated plugin type:"render"  use "postProcessByHtml" instead Deprication Notice:
       ======================================================================
         From now on, the plugin that is being used to render a route is
         able to be changed by the user. You can do this by adding or
         enabling the plugin in the scully.json file. For your convenience,
         we loaded the Puppeteer plugin for you.

         To disable this warning enable the plugin of your choice.
         for Puppteer please add:
             import '@scullyio/scully-plugin-puppeteer';
          to your scully.alpha-konstruksi-nusantara-web.config.ts file.

          When you get this warning while not using scully-plugin-puppeteer
          you need to set the defaultRouteRenderer to the name of your plugin.
          The defaultRouteRenderer is now set to 'routeRenderer'.
       ======================================================================


Using stored unhandled routes!.--------------------------------------------------------------------   To discover new routes in the angular app use "npm run scully -- --scanRoutes"



handleUnknownRoute: "/en/runtime.4a2a35437efa0b52.js", 404:""handleUnknownRoute: "/en/polyfills.440c58f4d28be425.js", 404:""handleUnknownRoute: "/en/main.85a31be18614bcf4.js", 404:""

handleUnknownRoute: "/en/scripts.5082b8320b33a294.js", 404:""handleUnknownRoute: "/en/styles.30c122df8e49c4b2.css", 404:""


handleUnknownRoute: "/en/favicon.ico", 404:""
Folder "./scully" doesn't seem to contain custom pluginsUsing deprecated plugin type:"render"  use "postProcessByHtml" instead Deprication Notice:
       ======================================================================
         From now on, the plugin that is being used to render a route is
         able to be changed by the user. You can do this by adding or
         enabling the plugin in the scully.json file. For your convenience,
         we loaded the Puppeteer plugin for you.

         To disable this warning enable the plugin of your choice.
         for Puppteer please add:
             import '@scullyio/scully-plugin-puppeteer';
          to your scully.alpha-konstruksi-nusantara-web.config.ts file.

          When you get this warning while not using scully-plugin-puppeteer
          you need to set the defaultRouteRenderer to the name of your plugin.
          The defaultRouteRenderer is now set to 'routeRenderer'.
       ======================================================================


----------------------------------   To discover new routes in the angular app use "npm run scully -- --scanRoutes"----------------------------------Using stored unhandled routes!.



handleUnknownRoute: "/en/runtime.4a2a35437efa0b52.js", 404:""handleUnknownRoute: "/en/polyfills.440c58f4d28be425.js", 404:""handleUnknownRoute: "/en/main.85a31be18614bcf4.js", 404:""

handleUnknownRoute: "/en/runtime.4a2a35437efa0b52.js", 404:""handleUnknownRoute: "/en/polyfills.440c58f4d28be425.js", 404:""handleUnknownRoute: "/en/scripts.5082b8320b33a294.js", 404:""handleUnknownRoute: "/en/main.85a31be18614bcf4.js", 404:""handleUnknownRoute: "/en/styles.30c122df8e49c4b2.css", 404:""handleUnknownRoute: "/en/runtime.4a2a35437efa0b52.js", 404:""

handleUnknownRoute: "/en/polyfills.440c58f4d28be425.js", 404:""handleUnknownRoute: "/en/scripts.5082b8320b33a294.js", 404:""

handleUnknownRoute: "/en/styles.30c122df8e49c4b2.css", 404:""handleUnknownRoute: "/en/main.85a31be18614bcf4.js", 404:""handleUnknownRoute: "/en/runtime.4a2a35437efa0b52.js", 404:""


handleUnknownRoute: "/en/scripts.5082b8320b33a294.js", 404:""handleUnknownRoute: "/en/polyfills.440c58f4d28be425.js", 404:""

handleUnknownRoute: "/en/styles.30c122df8e49c4b2.css", 404:""handleUnknownRoute: "/en/main.85a31be18614bcf4.js", 404:""


handleUnknownRoute: "/en/runtime.4a2a35437efa0b52.js", 404:""handleUnknownRoute: "/en/polyfills.440c58f4d28be425.js", 404:""

handleUnknownRoute: "/en/scripts.5082b8320b33a294.js", 404:""handleUnknownRoute: "/en/styles.30c122df8e49c4b2.css", 404:""
handleUnknownRoute: "/en/main.85a31be18614bcf4.js", 404:""handleUnknownRoute: "/en/polyfills.440c58f4d28be425.js", 404:""handleUnknownRoute: "/en/runtime.4a2a35437efa0b52.js", 404:""


handleUnknownRoute: "/en/scripts.5082b8320b33a294.js", 404:""handleUnknownRoute: "/en/styles.30c122df8e49c4b2.css", 404:""

handleUnknownRoute: "/en/main.85a31be18614bcf4.js", 404:""handleUnknownRoute: "/en/runtime.4a2a35437efa0b52.js", 404:""


handleUnknownRoute: "/en/polyfills.440c58f4d28be425.js", 404:""handleUnknownRoute: "/en/scripts.5082b8320b33a294.js", 404:""handleUnknownRoute: "/en/styles.30c122df8e49c4b2.css", 404:""

handleUnknownRoute: "/en/main.85a31be18614bcf4.js", 404:""handleUnknownRoute: "/en/runtime.4a2a35437efa0b52.js", 404:""

handleUnknownRoute: "/en/polyfills.440c58f4d28be425.js", 404:""handleUnknownRoute: "/en/styles.30c122df8e49c4b2.css", 404:""handleUnknownRoute: "/en/scripts.5082b8320b33a294.js", 404:""


handleUnknownRoute: "/en/runtime.4a2a35437efa0b52.js", 404:""handleUnknownRoute: "/en/main.85a31be18614bcf4.js", 404:""

handleUnknownRoute: "/en/polyfills.440c58f4d28be425.js", 404:""handleUnknownRoute: "/en/styles.30c122df8e49c4b2.css", 404:""handleUnknownRoute: "/en/scripts.5082b8320b33a294.js", 404:""


handleUnknownRoute: "/en/main.85a31be18614bcf4.js", 404:""handleUnknownRoute: "/en/runtime.4a2a35437efa0b52.js", 404:""

handleUnknownRoute: "/en/polyfills.440c58f4d28be425.js", 404:""handleUnknownRoute: "/en/scripts.5082b8320b33a294.js", 404:""


handleUnknownRoute: "/en/styles.30c122df8e49c4b2.css", 404:""handleUnknownRoute: "/en/runtime.4a2a35437efa0b52.js", 404:""handleUnknownRoute: "/en/main.85a31be18614bcf4.js", 404:""

handleUnknownRoute: "/en/polyfills.440c58f4d28be425.js", 404:""handleUnknownRoute: "/en/scripts.5082b8320b33a294.js", 404:""

handleUnknownRoute: "/en/styles.30c122df8e49c4b2.css", 404:""handleUnknownRoute: "/en/polyfills.440c58f4d28be425.js", 404:""handleUnknownRoute: "/en/runtime.4a2a35437efa0b52.js", 404:""handleUnknownRoute: "/en/main.85a31be18614bcf4.js", 404:""




handleUnknownRoute: "/en/favicon.ico", 404:""handleUnknownRoute: "/en/scripts.5082b8320b33a294.js", 404:""handleUnknownRoute: "/en/main.85a31be18614bcf4.js", 404:""handleUnknownRoute: "/en/runtime.4a2a35437efa0b52.js", 404:""handleUnknownRoute: "/en/styles.30c122df8e49c4b2.css", 404:""



handleUnknownRoute: "/en/scripts.5082b8320b33a294.js", 404:""handleUnknownRoute: "/en/polyfills.440c58f4d28be425.js", 404:""

handleUnknownRoute: "/en/styles.30c122df8e49c4b2.css", 404:""handleUnknownRoute: "/en/favicon.ico", 404:""handleUnknownRoute: "/en/main.85a31be18614bcf4.js", 404:""


handleUnknownRoute: "/en/scripts.5082b8320b33a294.js", 404:""

handleUnknownRoute: "/en/favicon.ico", 404:""handleUnknownRoute: "/en/styles.30c122df8e49c4b2.css", 404:""





handleUnknownRoute: "/en/favicon.ico", 404:""
handleUnknownRoute: "/en/favicon.ico", 404:""
handleUnknownRoute: "/en/runtime.4a2a35437efa0b52.js", 404:""handleUnknownRoute: "/en/polyfills.440c58f4d28be425.js", 404:""handleUnknownRoute: "/en/main.85a31be18614bcf4.js", 404:""handleUnknownRoute: "/en/scripts.5082b8320b33a294.js", 404:""
handleUnknownRoute: "/en/styles.30c122df8e49c4b2.css", 404:""



handleUnknownRoute: "/en/styles.30c122df8e49c4b2.css", 404:""
Folder "./scully" doesn't seem to contain custom pluginsUsing deprecated plugin type:"render"  use "postProcessByHtml" instead Deprication Notice:
       ======================================================================
         From now on, the plugin that is being used to render a route is
         able to be changed by the user. You can do this by adding or
         enabling the plugin in the scully.json file. For your convenience,
         we loaded the Puppeteer plugin for you.

         To disable this warning enable the plugin of your choice.
         for Puppteer please add:
             import '@scullyio/scully-plugin-puppeteer';
          to your scully.alpha-konstruksi-nusantara-web.config.ts file.

          When you get this warning while not using scully-plugin-puppeteer
          you need to set the defaultRouteRenderer to the name of your plugin.
          The defaultRouteRenderer is now set to 'routeRenderer'.
       ======================================================================


----------------------------------   To discover new routes in the angular app use "npm run scully -- --scanRoutes"Using stored unhandled routes!.----------------------------------



handleUnknownRoute: "/en/runtime.4a2a35437efa0b52.js", 404:""handleUnknownRoute: "/en/polyfills.440c58f4d28be425.js", 404:""handleUnknownRoute: "/en/main.85a31be18614bcf4.js", 404:""
handleUnknownRoute: "/en/runtime.4a2a35437efa0b52.js", 404:""handleUnknownRoute: "/en/scripts.5082b8320b33a294.js", 404:""handleUnknownRoute: "/en/polyfills.440c58f4d28be425.js", 404:""handleUnknownRoute: "/en/styles.30c122df8e49c4b2.css", 404:""handleUnknownRoute: "/en/main.85a31be18614bcf4.js", 404:""

handleUnknownRoute: "/en/runtime.4a2a35437efa0b52.js", 404:""
handleUnknownRoute: "/en/scripts.5082b8320b33a294.js", 404:""handleUnknownRoute: "/en/polyfills.440c58f4d28be425.js", 404:""handleUnknownRoute: "/en/styles.30c122df8e49c4b2.css", 404:""



handleUnknownRoute: "/en/main.85a31be18614bcf4.js", 404:""handleUnknownRoute: "/en/runtime.4a2a35437efa0b52.js", 404:""handleUnknownRoute: "/en/scripts.5082b8320b33a294.js", 404:""


handleUnknownRoute: "/en/polyfills.440c58f4d28be425.js", 404:""handleUnknownRoute: "/en/styles.30c122df8e49c4b2.css", 404:""

handleUnknownRoute: "/en/runtime.4a2a35437efa0b52.js", 404:""handleUnknownRoute: "/en/main.85a31be18614bcf4.js", 404:""

handleUnknownRoute: "/en/scripts.5082b8320b33a294.js", 404:""handleUnknownRoute: "/en/polyfills.440c58f4d28be425.js", 404:""

handleUnknownRoute: "/en/styles.30c122df8e49c4b2.css", 404:""handleUnknownRoute: "/en/main.85a31be18614bcf4.js", 404:""

handleUnknownRoute: "/en/runtime.4a2a35437efa0b52.js", 404:""handleUnknownRoute: "/en/scripts.5082b8320b33a294.js", 404:""handleUnknownRoute: "/en/polyfills.440c58f4d28be425.js", 404:""

handleUnknownRoute: "/en/styles.30c122df8e49c4b2.css", 404:""

handleUnknownRoute: "/en/main.85a31be18614bcf4.js", 404:""handleUnknownRoute: "/en/runtime.4a2a35437efa0b52.js", 404:""handleUnknownRoute: "/en/scripts.5082b8320b33a294.js", 404:""


handleUnknownRoute: "/en/polyfills.440c58f4d28be425.js", 404:""handleUnknownRoute: "/en/styles.30c122df8e49c4b2.css", 404:""
handleUnknownRoute: "/en/main.85a31be18614bcf4.js", 404:""handleUnknownRoute: "/en/runtime.4a2a35437efa0b52.js", 404:""


handleUnknownRoute: "/en/scripts.5082b8320b33a294.js", 404:""handleUnknownRoute: "/en/polyfills.440c58f4d28be425.js", 404:""

handleUnknownRoute: "/en/styles.30c122df8e49c4b2.css", 404:""handleUnknownRoute: "/en/main.85a31be18614bcf4.js", 404:""

handleUnknownRoute: "/en/runtime.4a2a35437efa0b52.js", 404:""handleUnknownRoute: "/en/scripts.5082b8320b33a294.js", 404:""handleUnknownRoute: "/en/polyfills.440c58f4d28be425.js", 404:""

handleUnknownRoute: "/en/styles.30c122df8e49c4b2.css", 404:""

handleUnknownRoute: "/en/main.85a31be18614bcf4.js", 404:""handleUnknownRoute: "/en/runtime.4a2a35437efa0b52.js", 404:""handleUnknownRoute: "/en/scripts.5082b8320b33a294.js", 404:""


handleUnknownRoute: "/en/styles.30c122df8e49c4b2.css", 404:""handleUnknownRoute: "/en/polyfills.440c58f4d28be425.js", 404:""
handleUnknownRoute: "/en/main.85a31be18614bcf4.js", 404:""handleUnknownRoute: "/en/runtime.4a2a35437efa0b52.js", 404:""


handleUnknownRoute: "/en/scripts.5082b8320b33a294.js", 404:""handleUnknownRoute: "/en/polyfills.440c58f4d28be425.js", 404:""

handleUnknownRoute: "/en/styles.30c122df8e49c4b2.css", 404:""handleUnknownRoute: "/en/runtime.4a2a35437efa0b52.js", 404:""handleUnknownRoute: "/en/main.85a31be18614bcf4.js", 404:""

handleUnknownRoute: "/en/scripts.5082b8320b33a294.js", 404:""handleUnknownRoute: "/en/polyfills.440c58f4d28be425.js", 404:""

handleUnknownRoute: "/en/styles.30c122df8e49c4b2.css", 404:""handleUnknownRoute: "/en/main.85a31be18614bcf4.js", 404:""


handleUnknownRoute: "/en/runtime.4a2a35437efa0b52.js", 404:""handleUnknownRoute: "/en/scripts.5082b8320b33a294.js", 404:""
handleUnknownRoute: "/en/polyfills.440c58f4d28be425.js", 404:""handleUnknownRoute: "/en/styles.30c122df8e49c4b2.css", 404:""


handleUnknownRoute: "/en/main.85a31be18614bcf4.js", 404:""
handleUnknownRoute: "/en/scripts.5082b8320b33a294.js", 404:""


handleUnknownRoute: "/en/styles.30c122df8e49c4b2.css", 404:""


handleUnknownRoute: "/en/favicon.ico", 404:""
handleUnknownRoute: "/en/favicon.ico", 404:""
handleUnknownRoute: "/en/favicon.ico", 404:""
handleUnknownRoute: "/en/favicon.ico", 404:""
Folder "./scully" doesn't seem to contain custom pluginsUsing deprecated plugin type:"render"  use "postProcessByHtml" instead Deprication Notice:
       ======================================================================
         From now on, the plugin that is being used to render a route is
         able to be changed by the user. You can do this by adding or
         enabling the plugin in the scully.json file. For your convenience,
         we loaded the Puppeteer plugin for you.

         To disable this warning enable the plugin of your choice.
         for Puppteer please add:
             import '@scullyio/scully-plugin-puppeteer';
          to your scully.alpha-konstruksi-nusantara-web.config.ts file.

          When you get this warning while not using scully-plugin-puppeteer
          you need to set the defaultRouteRenderer to the name of your plugin.
          The defaultRouteRenderer is now set to 'routeRenderer'.
       ======================================================================


----------------------------------Using stored unhandled routes!.----------------------------------   To discover new routes in the angular app use "npm run scully -- --scanRoutes"



handleUnknownRoute: "/en/runtime.4a2a35437efa0b52.js", 404:""handleUnknownRoute: "/en/polyfills.440c58f4d28be425.js", 404:""handleUnknownRoute: "/en/main.85a31be18614bcf4.js", 404:""

handleUnknownRoute: "/en/runtime.4a2a35437efa0b52.js", 404:""handleUnknownRoute: "/en/polyfills.440c58f4d28be425.js", 404:""handleUnknownRoute: "/en/scripts.5082b8320b33a294.js", 404:""
handleUnknownRoute: "/en/main.85a31be18614bcf4.js", 404:""handleUnknownRoute: "/en/styles.30c122df8e49c4b2.css", 404:""handleUnknownRoute: "/en/runtime.4a2a35437efa0b52.js", 404:""

handleUnknownRoute: "/en/polyfills.440c58f4d28be425.js", 404:""handleUnknownRoute: "/en/scripts.5082b8320b33a294.js", 404:""handleUnknownRoute: "/en/main.85a31be18614bcf4.js", 404:""handleUnknownRoute: "/en/styles.30c122df8e49c4b2.css", 404:""


handleUnknownRoute: "/en/runtime.4a2a35437efa0b52.js", 404:""

handleUnknownRoute: "/en/polyfills.440c58f4d28be425.js", 404:""handleUnknownRoute: "/en/scripts.5082b8320b33a294.js", 404:""handleUnknownRoute: "/en/main.85a31be18614bcf4.js", 404:""

handleUnknownRoute: "/en/styles.30c122df8e49c4b2.css", 404:""
handleUnknownRoute: "/en/runtime.4a2a35437efa0b52.js", 404:""handleUnknownRoute: "/en/polyfills.440c58f4d28be425.js", 404:""handleUnknownRoute: "/en/scripts.5082b8320b33a294.js", 404:""



handleUnknownRoute: "/en/main.85a31be18614bcf4.js", 404:""handleUnknownRoute: "/en/styles.30c122df8e49c4b2.css", 404:""
handleUnknownRoute: "/en/runtime.4a2a35437efa0b52.js", 404:""handleUnknownRoute: "/en/polyfills.440c58f4d28be425.js", 404:""handleUnknownRoute: "/en/scripts.5082b8320b33a294.js", 404:""


handleUnknownRoute: "/en/main.85a31be18614bcf4.js", 404:""handleUnknownRoute: "/en/styles.30c122df8e49c4b2.css", 404:""

handleUnknownRoute: "/en/runtime.4a2a35437efa0b52.js", 404:""handleUnknownRoute: "/en/polyfills.440c58f4d28be425.js", 404:""

handleUnknownRoute: "/en/scripts.5082b8320b33a294.js", 404:""handleUnknownRoute: "/en/main.85a31be18614bcf4.js", 404:""handleUnknownRoute: "/en/styles.30c122df8e49c4b2.css", 404:""


handleUnknownRoute: "/en/runtime.4a2a35437efa0b52.js", 404:""
handleUnknownRoute: "/en/polyfills.440c58f4d28be425.js", 404:""handleUnknownRoute: "/en/favicon.ico", 404:""handleUnknownRoute: "/en/scripts.5082b8320b33a294.js", 404:""handleUnknownRoute: "/en/main.85a31be18614bcf4.js", 404:""



handleUnknownRoute: "/en/styles.30c122df8e49c4b2.css", 404:""handleUnknownRoute: "/en/polyfills.440c58f4d28be425.js", 404:""handleUnknownRoute: "/en/runtime.4a2a35437efa0b52.js", 404:""handleUnknownRoute: "/en/scripts.5082b8320b33a294.js", 404:""




handleUnknownRoute: "/en/main.85a31be18614bcf4.js", 404:""handleUnknownRoute: "/en/styles.30c122df8e49c4b2.css", 404:""handleUnknownRoute: "/en/runtime.4a2a35437efa0b52.js", 404:""


handleUnknownRoute: "/en/favicon.ico", 404:""handleUnknownRoute: "/en/scripts.5082b8320b33a294.js", 404:""handleUnknownRoute: "/en/polyfills.440c58f4d28be425.js", 404:""handleUnknownRoute: "/en/main.85a31be18614bcf4.js", 404:""

handleUnknownRoute: "/en/styles.30c122df8e49c4b2.css", 404:""

handleUnknownRoute: "/en/runtime.4a2a35437efa0b52.js", 404:""handleUnknownRoute: "/en/polyfills.440c58f4d28be425.js", 404:""handleUnknownRoute: "/en/scripts.5082b8320b33a294.js", 404:""



handleUnknownRoute: "/en/main.85a31be18614bcf4.js", 404:""handleUnknownRoute: "/en/styles.30c122df8e49c4b2.css", 404:""handleUnknownRoute: "/en/polyfills.440c58f4d28be425.js", 404:""handleUnknownRoute: "/en/runtime.4a2a35437efa0b52.js", 404:""



handleUnknownRoute: "/en/scripts.5082b8320b33a294.js", 404:""
handleUnknownRoute: "/en/styles.30c122df8e49c4b2.css", 404:""handleUnknownRoute: "/en/main.85a31be18614bcf4.js", 404:""handleUnknownRoute: "/en/runtime.4a2a35437efa0b52.js", 404:""


handleUnknownRoute: "/en/polyfills.440c58f4d28be425.js", 404:""
handleUnknownRoute: "/en/scripts.5082b8320b33a294.js", 404:""handleUnknownRoute: "/en/main.85a31be18614bcf4.js", 404:""handleUnknownRoute: "/en/styles.30c122df8e49c4b2.css", 404:""



handleUnknownRoute: "/en/scripts.5082b8320b33a294.js", 404:""


handleUnknownRoute: "/en/styles.30c122df8e49c4b2.css", 404:""

Folder "./scully" doesn't seem to contain custom pluginsUsing deprecated plugin type:"render"  use "postProcessByHtml" instead Deprication Notice:
       ======================================================================
         From now on, the plugin that is being used to render a route is
         able to be changed by the user. You can do this by adding or
         enabling the plugin in the scully.json file. For your convenience,
         we loaded the Puppeteer plugin for you.

         To disable this warning enable the plugin of your choice.
         for Puppteer please add:
             import '@scullyio/scully-plugin-puppeteer';
          to your scully.alpha-konstruksi-nusantara-web.config.ts file.

          When you get this warning while not using scully-plugin-puppeteer
          you need to set the defaultRouteRenderer to the name of your plugin.
          The defaultRouteRenderer is now set to 'routeRenderer'.
       ======================================================================


----------------------------------Using stored unhandled routes!.   To discover new routes in the angular app use "npm run scully -- --scanRoutes"----------------------------------



handleUnknownRoute: "/en/runtime.4a2a35437efa0b52.js", 404:""handleUnknownRoute: "/en/polyfills.440c58f4d28be425.js", 404:""handleUnknownRoute: "/en/main.85a31be18614bcf4.js", 404:""handleUnknownRoute: "/en/runtime.4a2a35437efa0b52.js", 404:""
handleUnknownRoute: "/en/scripts.5082b8320b33a294.js", 404:""handleUnknownRoute: "/en/polyfills.440c58f4d28be425.js", 404:""

handleUnknownRoute: "/en/main.85a31be18614bcf4.js", 404:""handleUnknownRoute: "/en/styles.30c122df8e49c4b2.css", 404:""
handleUnknownRoute: "/en/runtime.4a2a35437efa0b52.js", 404:""handleUnknownRoute: "/en/scripts.5082b8320b33a294.js", 404:""handleUnknownRoute: "/en/polyfills.440c58f4d28be425.js", 404:""

handleUnknownRoute: "/en/main.85a31be18614bcf4.js", 404:""handleUnknownRoute: "/en/styles.30c122df8e49c4b2.css", 404:""

handleUnknownRoute: "/en/scripts.5082b8320b33a294.js", 404:""handleUnknownRoute: "/en/runtime.4a2a35437efa0b52.js", 404:""


handleUnknownRoute: "/en/polyfills.440c58f4d28be425.js", 404:""handleUnknownRoute: "/en/main.85a31be18614bcf4.js", 404:""handleUnknownRoute: "/en/styles.30c122df8e49c4b2.css", 404:""

handleUnknownRoute: "/en/runtime.4a2a35437efa0b52.js", 404:""

handleUnknownRoute: "/en/scripts.5082b8320b33a294.js", 404:""handleUnknownRoute: "/en/polyfills.440c58f4d28be425.js", 404:""handleUnknownRoute: "/en/main.85a31be18614bcf4.js", 404:""


handleUnknownRoute: "/en/styles.30c122df8e49c4b2.css", 404:""
handleUnknownRoute: "/en/runtime.4a2a35437efa0b52.js", 404:""handleUnknownRoute: "/en/scripts.5082b8320b33a294.js", 404:""handleUnknownRoute: "/en/polyfills.440c58f4d28be425.js", 404:""

handleUnknownRoute: "/en/styles.30c122df8e49c4b2.css", 404:""handleUnknownRoute: "/en/main.85a31be18614bcf4.js", 404:""

handleUnknownRoute: "/en/runtime.4a2a35437efa0b52.js", 404:""handleUnknownRoute: "/en/scripts.5082b8320b33a294.js", 404:""


handleUnknownRoute: "/en/polyfills.440c58f4d28be425.js", 404:""handleUnknownRoute: "/en/main.85a31be18614bcf4.js", 404:""

handleUnknownRoute: "/en/styles.30c122df8e49c4b2.css", 404:""handleUnknownRoute: "/en/runtime.4a2a35437efa0b52.js", 404:""

handleUnknownRoute: "/en/scripts.5082b8320b33a294.js", 404:""handleUnknownRoute: "/en/polyfills.440c58f4d28be425.js", 404:""
handleUnknownRoute: "/en/main.85a31be18614bcf4.js", 404:""handleUnknownRoute: "/en/styles.30c122df8e49c4b2.css", 404:""


handleUnknownRoute: "/en/runtime.4a2a35437efa0b52.js", 404:""handleUnknownRoute: "/en/scripts.5082b8320b33a294.js", 404:""

handleUnknownRoute: "/en/polyfills.440c58f4d28be425.js", 404:""handleUnknownRoute: "/en/main.85a31be18614bcf4.js", 404:""handleUnknownRoute: "/en/styles.30c122df8e49c4b2.css", 404:""
handleUnknownRoute: "/en/runtime.4a2a35437efa0b52.js", 404:""


handleUnknownRoute: "/en/scripts.5082b8320b33a294.js", 404:""handleUnknownRoute: "/en/polyfills.440c58f4d28be425.js", 404:""

handleUnknownRoute: "/en/main.85a31be18614bcf4.js", 404:""handleUnknownRoute: "/en/styles.30c122df8e49c4b2.css", 404:""

handleUnknownRoute: "/en/scripts.5082b8320b33a294.js", 404:""handleUnknownRoute: "/en/runtime.4a2a35437efa0b52.js", 404:""handleUnknownRoute: "/en/polyfills.440c58f4d28be425.js", 404:""

handleUnknownRoute: "/en/favicon.ico", 404:""handleUnknownRoute: "/en/main.85a31be18614bcf4.js", 404:""handleUnknownRoute: "/en/styles.30c122df8e49c4b2.css", 404:""

handleUnknownRoute: "/en/runtime.4a2a35437efa0b52.js", 404:""handleUnknownRoute: "/en/scripts.5082b8320b33a294.js", 404:""


handleUnknownRoute: "/en/polyfills.440c58f4d28be425.js", 404:""
handleUnknownRoute: "/en/favicon.ico", 404:""handleUnknownRoute: "/en/main.85a31be18614bcf4.js", 404:""handleUnknownRoute: "/en/styles.30c122df8e49c4b2.css", 404:""


handleUnknownRoute: "/en/runtime.4a2a35437efa0b52.js", 404:""handleUnknownRoute: "/en/scripts.5082b8320b33a294.js", 404:""
handleUnknownRoute: "/en/polyfills.440c58f4d28be425.js", 404:""
handleUnknownRoute: "/en/favicon.ico", 404:""handleUnknownRoute: "/en/main.85a31be18614bcf4.js", 404:""handleUnknownRoute: "/en/styles.30c122df8e49c4b2.css", 404:""



handleUnknownRoute: "/en/scripts.5082b8320b33a294.js", 404:""
handleUnknownRoute: "/en/favicon.ico", 404:""




handleUnknownRoute: "/en/styles.30c122df8e49c4b2.css", 404:""handleUnknownRoute: "/en/favicon.ico", 404:""


handleUnknownRoute: "/en/favicon.ico", 404:""
handleUnknownRoute: "/en/styles.30c122df8e49c4b2.css", 404:""
Folder "./scully" doesn't seem to contain custom pluginsUsing deprecated plugin type:"render"  use "postProcessByHtml" instead Deprication Notice:
       ======================================================================
         From now on, the plugin that is being used to render a route is
         able to be changed by the user. You can do this by adding or
         enabling the plugin in the scully.json file. For your convenience,
         we loaded the Puppeteer plugin for you.

         To disable this warning enable the plugin of your choice.
         for Puppteer please add:
             import '@scullyio/scully-plugin-puppeteer';
          to your scully.alpha-konstruksi-nusantara-web.config.ts file.

          When you get this warning while not using scully-plugin-puppeteer
          you need to set the defaultRouteRenderer to the name of your plugin.
          The defaultRouteRenderer is now set to 'routeRenderer'.
       ======================================================================


----------------------------------Using stored unhandled routes!.----------------------------------   To discover new routes in the angular app use "npm run scully -- --scanRoutes"



Folder "./scully" doesn't seem to contain custom pluginsUsing deprecated plugin type:"render"  use "postProcessByHtml" instead Deprication Notice:
       ======================================================================
         From now on, the plugin that is being used to render a route is
         able to be changed by the user. You can do this by adding or
         enabling the plugin in the scully.json file. For your convenience,
         we loaded the Puppeteer plugin for you.

         To disable this warning enable the plugin of your choice.
         for Puppteer please add:
             import '@scullyio/scully-plugin-puppeteer';
          to your scully.alpha-konstruksi-nusantara-web.config.ts file.

          When you get this warning while not using scully-plugin-puppeteer
          you need to set the defaultRouteRenderer to the name of your plugin.
          The defaultRouteRenderer is now set to 'routeRenderer'.
       ======================================================================


----------------------------------   To discover new routes in the angular app use "npm run scully -- --scanRoutes"Using stored unhandled routes!.----------------------------------



handleUnknownRoute: "/zh/runtime.js", 404:""handleUnknownRoute: "/zh/polyfills.js", 404:""handleUnknownRoute: "/zh/main.js", 404:""

handleUnknownRoute: "/zh/runtime.js", 404:""handleUnknownRoute: "/zh/polyfills.js", 404:""handleUnknownRoute: "/zh/scripts.js", 404:""handleUnknownRoute: "/zh/styles.css", 404:""handleUnknownRoute: "/zh/main.js", 404:""
handleUnknownRoute: "/zh/runtime.js", 404:""
handleUnknownRoute: "/zh/polyfills.js", 404:""handleUnknownRoute: "/zh/scripts.js", 404:""handleUnknownRoute: "/zh/main.js", 404:""handleUnknownRoute: "/zh/styles.css", 404:""



handleUnknownRoute: "/zh/runtime.js", 404:""
handleUnknownRoute: "/zh/polyfills.js", 404:""handleUnknownRoute: "/zh/styles.css", 404:""handleUnknownRoute: "/zh/scripts.js", 404:""



handleUnknownRoute: "/zh/main.js", 404:""
handleUnknownRoute: "/zh/runtime.js", 404:""handleUnknownRoute: "/zh/polyfills.js", 404:""handleUnknownRoute: "/zh/scripts.js", 404:""


handleUnknownRoute: "/zh/styles.css", 404:""
handleUnknownRoute: "/zh/main.js", 404:""handleUnknownRoute: "/zh/polyfills.js", 404:""handleUnknownRoute: "/zh/runtime.js", 404:""


handleUnknownRoute: "/zh/scripts.js", 404:""handleUnknownRoute: "/zh/styles.css", 404:""handleUnknownRoute: "/zh/main.js", 404:""handleUnknownRoute: "/zh/runtime.js", 404:""



handleUnknownRoute: "/zh/polyfills.js", 404:""handleUnknownRoute: "/zh/scripts.js", 404:""
handleUnknownRoute: "/zh/styles.css", 404:""handleUnknownRoute: "/zh/main.js", 404:""handleUnknownRoute: "/zh/runtime.js", 404:""


handleUnknownRoute: "/zh/polyfills.js", 404:""handleUnknownRoute: "/zh/scripts.js", 404:""

handleUnknownRoute: "/zh/main.js", 404:""handleUnknownRoute: "/zh/styles.css", 404:""handleUnknownRoute: "/zh/runtime.js", 404:""


handleUnknownRoute: "/zh/polyfills.js", 404:""handleUnknownRoute: "/zh/scripts.js", 404:""

handleUnknownRoute: "/zh/styles.css", 404:""handleUnknownRoute: "/zh/main.js", 404:""handleUnknownRoute: "/zh/runtime.js", 404:""

handleUnknownRoute: "/zh/polyfills.js", 404:""


handleUnknownRoute: "/zh/styles.css", 404:""handleUnknownRoute: "/zh/scripts.js", 404:""

handleUnknownRoute: "/zh/main.js", 404:""handleUnknownRoute: "/zh/runtime.js", 404:""

handleUnknownRoute: "/zh/polyfills.js", 404:""handleUnknownRoute: "/zh/scripts.js", 404:""handleUnknownRoute: "/zh/styles.css", 404:""

handleUnknownRoute: "/zh/main.js", 404:""handleUnknownRoute: "/zh/runtime.js", 404:""

handleUnknownRoute: "/zh/polyfills.js", 404:""handleUnknownRoute: "/zh/scripts.js", 404:""handleUnknownRoute: "/zh/styles.css", 404:""


handleUnknownRoute: "/zh/main.js", 404:""handleUnknownRoute: "/zh/runtime.js", 404:""

handleUnknownRoute: "/zh/polyfills.js", 404:""handleUnknownRoute: "/zh/styles.css", 404:""handleUnknownRoute: "/zh/scripts.js", 404:""

handleUnknownRoute: "/zh/main.js", 404:""
handleUnknownRoute: "/zh/favicon.ico", 404:""
handleUnknownRoute: "/zh/scripts.js", 404:""handleUnknownRoute: "/zh/styles.css", 404:""




handleUnknownRoute: "/zh/favicon.ico", 404:""



handleUnknownRoute: "/zh/favicon.ico", 404:""
handleUnknownRoute: "/zh/favicon.ico", 404:""
handleUnknownRoute: "/zh/favicon.ico", 404:""
Folder "./scully" doesn't seem to contain custom pluginsUsing deprecated plugin type:"render"  use "postProcessByHtml" instead Deprication Notice:
       ======================================================================
         From now on, the plugin that is being used to render a route is
         able to be changed by the user. You can do this by adding or
         enabling the plugin in the scully.json file. For your convenience,
         we loaded the Puppeteer plugin for you.

         To disable this warning enable the plugin of your choice.
         for Puppteer please add:
             import '@scullyio/scully-plugin-puppeteer';
          to your scully.alpha-konstruksi-nusantara-web.config.ts file.

          When you get this warning while not using scully-plugin-puppeteer
          you need to set the defaultRouteRenderer to the name of your plugin.
          The defaultRouteRenderer is now set to 'routeRenderer'.
       ======================================================================


----------------------------------Using stored unhandled routes!.----------------------------------   To discover new routes in the angular app use "npm run scully -- --scanRoutes"



Folder "./scully" doesn't seem to contain custom pluginsUsing deprecated plugin type:"render"  use "postProcessByHtml" instead Deprication Notice:
       ======================================================================
         From now on, the plugin that is being used to render a route is
         able to be changed by the user. You can do this by adding or
         enabling the plugin in the scully.json file. For your convenience,
         we loaded the Puppeteer plugin for you.

         To disable this warning enable the plugin of your choice.
         for Puppteer please add:
             import '@scullyio/scully-plugin-puppeteer';
          to your scully.alpha-konstruksi-nusantara-web.config.ts file.

          When you get this warning while not using scully-plugin-puppeteer
          you need to set the defaultRouteRenderer to the name of your plugin.
          The defaultRouteRenderer is now set to 'routeRenderer'.
       ======================================================================


----------------------------------Using stored unhandled routes!.   To discover new routes in the angular app use "npm run scully -- --scanRoutes"----------------------------------



Folder "./scully" doesn't seem to contain custom pluginsUsing deprecated plugin type:"render"  use "postProcessByHtml" instead Deprication Notice:
       ======================================================================
         From now on, the plugin that is being used to render a route is
         able to be changed by the user. You can do this by adding or
         enabling the plugin in the scully.json file. For your convenience,
         we loaded the Puppeteer plugin for you.

         To disable this warning enable the plugin of your choice.
         for Puppteer please add:
             import '@scullyio/scully-plugin-puppeteer';
          to your scully.alpha-konstruksi-nusantara-web.config.ts file.

          When you get this warning while not using scully-plugin-puppeteer
          you need to set the defaultRouteRenderer to the name of your plugin.
          The defaultRouteRenderer is now set to 'routeRenderer'.
       ======================================================================


----------------------------------Using stored unhandled routes!.   To discover new routes in the angular app use "npm run scully -- --scanRoutes"----------------------------------



Folder "./scully" doesn't seem to contain custom plugins Deprication Notice:
       ======================================================================
         From now on, the plugin that is being used to render a route is
         able to be changed by the user. You can do this by adding or
         enabling the plugin in the scully.json file. For your convenience,
         we loaded the Puppeteer plugin for you.

         To disable this warning enable the plugin of your choice.
         for Puppteer please add:
             import '@scullyio/scully-plugin-puppeteer';
          to your scully.alpha-konstruksi-nusantara-web.config.ts file.

          When you get this warning while not using scully-plugin-puppeteer
          you need to set the defaultRouteRenderer to the name of your plugin.
          The defaultRouteRenderer is now set to 'routeRenderer'.
       ======================================================================

----------------------------------Using stored unhandled routes!.   To discover new routes in the angular app use "npm run scully -- --scanRoutes"----------------------------------



Folder "./scully" doesn't seem to contain custom plugins Deprication Notice:
       ======================================================================
         From now on, the plugin that is being used to render a route is
         able to be changed by the user. You can do this by adding or
         enabling the plugin in the scully.json file. For your convenience,
         we loaded the Puppeteer plugin for you.

         To disable this warning enable the plugin of your choice.
         for Puppteer please add:
             import '@scullyio/scully-plugin-puppeteer';
          to your scully.alpha-konstruksi-nusantara-web.config.ts file.

          When you get this warning while not using scully-plugin-puppeteer
          you need to set the defaultRouteRenderer to the name of your plugin.
          The defaultRouteRenderer is now set to 'routeRenderer'.
       ======================================================================

----------------------------------Using stored unhandled routes!.   To discover new routes in the angular app use "npm run scully -- --scanRoutes"----------------------------------



handleUnknownRoute: "/zh/runtime.js", 404:""handleUnknownRoute: "/zh/polyfills.js", 404:""
handleUnknownRoute: "/zh/main.js", 404:""handleUnknownRoute: "/zh/runtime.js", 404:""handleUnknownRoute: "/zh/scripts.js", 404:""handleUnknownRoute: "/zh/polyfills.js", 404:""
handleUnknownRoute: "/zh/styles.css", 404:""handleUnknownRoute: "/zh/main.js", 404:""handleUnknownRoute: "/zh/runtime.js", 404:""

handleUnknownRoute: "/zh/scripts.js", 404:""handleUnknownRoute: "/zh/polyfills.js", 404:""

handleUnknownRoute: "/zh/styles.css", 404:""handleUnknownRoute: "/zh/main.js", 404:""handleUnknownRoute: "/zh/runtime.js", 404:""


handleUnknownRoute: "/zh/scripts.js", 404:""handleUnknownRoute: "/zh/polyfills.js", 404:""

handleUnknownRoute: "/zh/styles.css", 404:""handleUnknownRoute: "/zh/runtime.js", 404:""handleUnknownRoute: "/zh/main.js", 404:""


handleUnknownRoute: "/zh/scripts.js", 404:""
handleUnknownRoute: "/zh/polyfills.js", 404:""handleUnknownRoute: "/zh/styles.css", 404:""handleUnknownRoute: "/zh/main.js", 404:""



handleUnknownRoute: "/zh/runtime.js", 404:""handleUnknownRoute: "/zh/scripts.js", 404:""
handleUnknownRoute: "/zh/polyfills.js", 404:""handleUnknownRoute: "/zh/styles.css", 404:""handleUnknownRoute: "/zh/main.js", 404:""


handleUnknownRoute: "/zh/runtime.js", 404:""

handleUnknownRoute: "/zh/polyfills.js", 404:""handleUnknownRoute: "/zh/scripts.js", 404:""

handleUnknownRoute: "/zh/styles.css", 404:""handleUnknownRoute: "/zh/main.js", 404:""

handleUnknownRoute: "/zh/runtime.js", 404:""handleUnknownRoute: "/zh/scripts.js", 404:""

handleUnknownRoute: "/zh/polyfills.js", 404:""handleUnknownRoute: "/zh/styles.css", 404:""
handleUnknownRoute: "/zh/main.js", 404:""handleUnknownRoute: "/zh/runtime.js", 404:""handleUnknownRoute: "/zh/scripts.js", 404:""


handleUnknownRoute: "/zh/polyfills.js", 404:""handleUnknownRoute: "/zh/styles.css", 404:""

handleUnknownRoute: "/zh/main.js", 404:""handleUnknownRoute: "/zh/favicon.ico", 404:""handleUnknownRoute: "/zh/runtime.js", 404:""handleUnknownRoute: "/zh/scripts.js", 404:""


handleUnknownRoute: "/zh/polyfills.js", 404:""handleUnknownRoute: "/zh/styles.css", 404:""

handleUnknownRoute: "/zh/main.js", 404:""handleUnknownRoute: "/zh/favicon.ico", 404:""handleUnknownRoute: "/zh/runtime.js", 404:""



handleUnknownRoute: "/zh/polyfills.js", 404:""handleUnknownRoute: "/zh/scripts.js", 404:""

handleUnknownRoute: "/zh/styles.css", 404:""handleUnknownRoute: "/zh/main.js", 404:""handleUnknownRoute: "/zh/favicon.ico", 404:""


handleUnknownRoute: "/zh/runtime.js", 404:""handleUnknownRoute: "/zh/scripts.js", 404:""handleUnknownRoute: "/zh/polyfills.js", 404:""

handleUnknownRoute: "/zh/styles.css", 404:""
handleUnknownRoute: "/zh/main.js", 404:""handleUnknownRoute: "/zh/favicon.ico", 404:""handleUnknownRoute: "/zh/runtime.js", 404:""handleUnknownRoute: "/zh/scripts.js", 404:""



handleUnknownRoute: "/zh/polyfills.js", 404:""
handleUnknownRoute: "/zh/styles.css", 404:""
handleUnknownRoute: "/zh/main.js", 404:""handleUnknownRoute: "/zh/favicon.ico", 404:""



handleUnknownRoute: "/zh/scripts.js", 404:""

handleUnknownRoute: "/zh/styles.css", 404:""



Folder "./scully" doesn't seem to contain custom plugins Deprication Notice:
       ======================================================================
         From now on, the plugin that is being used to render a route is
         able to be changed by the user. You can do this by adding or
         enabling the plugin in the scully.json file. For your convenience,
         we loaded the Puppeteer plugin for you.

         To disable this warning enable the plugin of your choice.
         for Puppteer please add:
             import '@scullyio/scully-plugin-puppeteer';
          to your scully.alpha-konstruksi-nusantara-web.config.ts file.

          When you get this warning while not using scully-plugin-puppeteer
          you need to set the defaultRouteRenderer to the name of your plugin.
          The defaultRouteRenderer is now set to 'routeRenderer'.
       ======================================================================

----------------------------------Using stored unhandled routes!.   To discover new routes in the angular app use "npm run scully -- --scanRoutes"----------------------------------



handleUnknownRoute: "/zh/runtime.js", 404:""handleUnknownRoute: "/zh/polyfills.js", 404:""handleUnknownRoute: "/zh/main.js", 404:""
handleUnknownRoute: "/zh/runtime.js", 404:""handleUnknownRoute: "/zh/scripts.js", 404:""handleUnknownRoute: "/zh/polyfills.js", 404:""handleUnknownRoute: "/zh/styles.css", 404:""

handleUnknownRoute: "/zh/main.js", 404:""handleUnknownRoute: "/zh/polyfills.js", 404:""handleUnknownRoute: "/zh/scripts.js", 404:""handleUnknownRoute: "/zh/runtime.js", 404:""


handleUnknownRoute: "/zh/styles.css", 404:""handleUnknownRoute: "/zh/main.js", 404:""

handleUnknownRoute: "/zh/scripts.js", 404:""handleUnknownRoute: "/zh/runtime.js", 404:""handleUnknownRoute: "/zh/polyfills.js", 404:""

handleUnknownRoute: "/zh/styles.css", 404:""

handleUnknownRoute: "/zh/main.js", 404:""
handleUnknownRoute: "/zh/runtime.js", 404:""handleUnknownRoute: "/zh/scripts.js", 404:""handleUnknownRoute: "/zh/polyfills.js", 404:""



handleUnknownRoute: "/zh/styles.css", 404:""handleUnknownRoute: "/zh/main.js", 404:""handleUnknownRoute: "/zh/scripts.js", 404:""handleUnknownRoute: "/zh/runtime.js", 404:""


handleUnknownRoute: "/zh/polyfills.js", 404:""
handleUnknownRoute: "/zh/styles.css", 404:""handleUnknownRoute: "/zh/main.js", 404:""


handleUnknownRoute: "/zh/runtime.js", 404:""handleUnknownRoute: "/zh/scripts.js", 404:""handleUnknownRoute: "/zh/polyfills.js", 404:""

handleUnknownRoute: "/zh/styles.css", 404:""handleUnknownRoute: "/zh/main.js", 404:""

handleUnknownRoute: "/zh/runtime.js", 404:""handleUnknownRoute: "/zh/scripts.js", 404:""handleUnknownRoute: "/zh/polyfills.js", 404:""


handleUnknownRoute: "/zh/styles.css", 404:""handleUnknownRoute: "/zh/main.js", 404:""

handleUnknownRoute: "/zh/scripts.js", 404:""handleUnknownRoute: "/zh/runtime.js", 404:""handleUnknownRoute: "/zh/polyfills.js", 404:""


handleUnknownRoute: "/zh/styles.css", 404:""

handleUnknownRoute: "/zh/main.js", 404:""handleUnknownRoute: "/zh/scripts.js", 404:""handleUnknownRoute: "/zh/runtime.js", 404:""


handleUnknownRoute: "/zh/polyfills.js", 404:""handleUnknownRoute: "/zh/styles.css", 404:""
handleUnknownRoute: "/zh/runtime.js", 404:""handleUnknownRoute: "/zh/main.js", 404:""


handleUnknownRoute: "/zh/scripts.js", 404:""handleUnknownRoute: "/zh/polyfills.js", 404:""handleUnknownRoute: "/zh/styles.css", 404:""

handleUnknownRoute: "/zh/main.js", 404:""handleUnknownRoute: "/zh/favicon.ico", 404:""handleUnknownRoute: "/zh/runtime.js", 404:""

handleUnknownRoute: "/zh/scripts.js", 404:""handleUnknownRoute: "/zh/polyfills.js", 404:""


handleUnknownRoute: "/zh/styles.css", 404:""handleUnknownRoute: "/zh/main.js", 404:""handleUnknownRoute: "/zh/favicon.ico", 404:""


handleUnknownRoute: "/zh/runtime.js", 404:""handleUnknownRoute: "/zh/scripts.js", 404:""

handleUnknownRoute: "/zh/polyfills.js", 404:""handleUnknownRoute: "/zh/main.js", 404:""handleUnknownRoute: "/zh/styles.css", 404:""


handleUnknownRoute: "/zh/scripts.js", 404:""handleUnknownRoute: "/zh/favicon.ico", 404:""




handleUnknownRoute: "/zh/styles.css", 404:""

handleUnknownRoute: "/zh/favicon.ico", 404:""

handleUnknownRoute: "/zh/favicon.ico", 404:""
Folder "./scully" doesn't seem to contain custom plugins Deprication Notice:
       ======================================================================
         From now on, the plugin that is being used to render a route is
         able to be changed by the user. You can do this by adding or
         enabling the plugin in the scully.json file. For your convenience,
         we loaded the Puppeteer plugin for you.

         To disable this warning enable the plugin of your choice.
         for Puppteer please add:
             import '@scullyio/scully-plugin-puppeteer';
          to your scully.alpha-konstruksi-nusantara-web.config.ts file.

          When you get this warning while not using scully-plugin-puppeteer
          you need to set the defaultRouteRenderer to the name of your plugin.
          The defaultRouteRenderer is now set to 'routeRenderer'.
       ======================================================================

----------------------------------   To discover new routes in the angular app use "npm run scully -- --scanRoutes"----------------------------------Using stored unhandled routes!.



Folder "./scully" doesn't seem to contain custom plugins Deprication Notice:
       ======================================================================
         From now on, the plugin that is being used to render a route is
         able to be changed by the user. You can do this by adding or
         enabling the plugin in the scully.json file. For your convenience,
         we loaded the Puppeteer plugin for you.

         To disable this warning enable the plugin of your choice.
         for Puppteer please add:
             import '@scullyio/scully-plugin-puppeteer';
          to your scully.alpha-konstruksi-nusantara-web.config.ts file.

          When you get this warning while not using scully-plugin-puppeteer
          you need to set the defaultRouteRenderer to the name of your plugin.
          The defaultRouteRenderer is now set to 'routeRenderer'.
       ======================================================================

----------------------------------Using stored unhandled routes!.   To discover new routes in the angular app use "npm run scully -- --scanRoutes"----------------------------------



Folder "./scully" doesn't seem to contain custom plugins Deprication Notice:
       ======================================================================
         From now on, the plugin that is being used to render a route is
         able to be changed by the user. You can do this by adding or
         enabling the plugin in the scully.json file. For your convenience,
         we loaded the Puppeteer plugin for you.

         To disable this warning enable the plugin of your choice.
         for Puppteer please add:
             import '@scullyio/scully-plugin-puppeteer';
          to your scully.alpha-konstruksi-nusantara-web.config.ts file.

          When you get this warning while not using scully-plugin-puppeteer
          you need to set the defaultRouteRenderer to the name of your plugin.
          The defaultRouteRenderer is now set to 'routeRenderer'.
       ======================================================================

----------------------------------Using stored unhandled routes!.----------------------------------   To discover new routes in the angular app use "npm run scully -- --scanRoutes"



Folder "./scully" doesn't seem to contain custom plugins Deprication Notice:
       ======================================================================
         From now on, the plugin that is being used to render a route is
         able to be changed by the user. You can do this by adding or
         enabling the plugin in the scully.json file. For your convenience,
         we loaded the Puppeteer plugin for you.

         To disable this warning enable the plugin of your choice.
         for Puppteer please add:
             import '@scullyio/scully-plugin-puppeteer';
          to your scully.alpha-konstruksi-nusantara-web.config.ts file.

          When you get this warning while not using scully-plugin-puppeteer
          you need to set the defaultRouteRenderer to the name of your plugin.
          The defaultRouteRenderer is now set to 'routeRenderer'.
       ======================================================================

----------------------------------Using stored unhandled routes!.   To discover new routes in the angular app use "npm run scully -- --scanRoutes"----------------------------------



Folder "./scully" doesn't seem to contain custom plugins Deprication Notice:
       ======================================================================
         From now on, the plugin that is being used to render a route is
         able to be changed by the user. You can do this by adding or
         enabling the plugin in the scully.json file. For your convenience,
         we loaded the Puppeteer plugin for you.

         To disable this warning enable the plugin of your choice.
         for Puppteer please add:
             import '@scullyio/scully-plugin-puppeteer';
          to your scully.alpha-konstruksi-nusantara-web.config.ts file.

          When you get this warning while not using scully-plugin-puppeteer
          you need to set the defaultRouteRenderer to the name of your plugin.
          The defaultRouteRenderer is now set to 'routeRenderer'.
       ======================================================================

----------------------------------Using stored unhandled routes!.   To discover new routes in the angular app use "npm run scully -- --scanRoutes"----------------------------------



Folder "./scully" doesn't seem to contain custom plugins Deprication Notice:
       ======================================================================
         From now on, the plugin that is being used to render a route is
         able to be changed by the user. You can do this by adding or
         enabling the plugin in the scully.json file. For your convenience,
         we loaded the Puppeteer plugin for you.

         To disable this warning enable the plugin of your choice.
         for Puppteer please add:
             import '@scullyio/scully-plugin-puppeteer';
          to your scully.alpha-konstruksi-nusantara-web.config.ts file.

          When you get this warning while not using scully-plugin-puppeteer
          you need to set the defaultRouteRenderer to the name of your plugin.
          The defaultRouteRenderer is now set to 'routeRenderer'.
       ======================================================================

----------------------------------Using stored unhandled routes!.   To discover new routes in the angular app use "npm run scully -- --scanRoutes"----------------------------------



Folder "./scully" doesn't seem to contain custom plugins Deprication Notice:
       ======================================================================
         From now on, the plugin that is being used to render a route is
         able to be changed by the user. You can do this by adding or
         enabling the plugin in the scully.json file. For your convenience,
         we loaded the Puppeteer plugin for you.

         To disable this warning enable the plugin of your choice.
         for Puppteer please add:
             import '@scullyio/scully-plugin-puppeteer';
          to your scully.alpha-konstruksi-nusantara-web.config.ts file.

          When you get this warning while not using scully-plugin-puppeteer
          you need to set the defaultRouteRenderer to the name of your plugin.
          The defaultRouteRenderer is now set to 'routeRenderer'.
       ======================================================================

----------------------------------Using stored unhandled routes!.   To discover new routes in the angular app use "npm run scully -- --scanRoutes"----------------------------------



